marca,modelo,ano,preco_brl,categoria,conector,url
byd,song plus dm-i plug-in hybrid,2027,242900.0,PHEV,CCS2,https://carregados.com.br/carros/byd-song-plus-dm-i-plug-in-hybrid-plus-1.5-turbo-26kwh-2027-24904
renault,kwid e-tech electric,2024,75990.0,BEV,CCS2,https://carregados.com.br/carros/renault-kwid-e-tech-electric-2024-24903
byd,song pro dm-i plug-in hybrid,2025,164000.0,PHEV,CCS2,https://carregados.com.br/carros/byd-song-pro-dm-i-plug-in-hybrid-gs-2025-24698
byd,seal,2025,245000.0,BEV,CCS2,https://carregados.com.br/carros/byd-seal-awd-2025-24622
chery,icar,2023,10900.0,BEV,CCS2,https://carregados.com.br/carros/chery-icar-eq1-tec-2023-22379
tesla,model y,2021,229000.0,BEV,CCS2,https://carregados.com.br/carros/tesla-model-y-perfomance--2021-22353
gwm,ora 03,2024,124900.0,BEV,CCS2,https://carregados.com.br/carros/gwm-ora-03-skin-2024-22206
volvo,xc40 recharge,2023,215000.0,BEV,CCS2,https://carregados.com.br/carros/volvo-xc40-recharge-p6-2023-21045
ford,mustang mach-e,2023,289000.0,BEV,CCS2,https://carregados.com.br/carros/ford-mustang-mach-e-gt-2023-20349
bmw,ix,2023,329000.0,BEV,CCS2,https://carregados.com.br/carros/bmw-ix-m40-2023-19718
omoda,e5,2025,182000.0,BEV,CCS2,https://carregados.com.br/carros/omoda-e5-2025-18395
byd,seal,2024,225000.0,BEV,CCS2,https://carregados.com.br/carros/byd-seal-2024-17630
chevrolet,bolt euv,2023,145000.0,BEV,CCS2,https://carregados.com.br/carros/chevrolet-bolt-euv-2023-17025
tesla,model 3,2019,297000.0,BEV,CCS2,https://carregados.com.br/carros/tesla-model%25203-mid-2019-9813
byd,dolphin mini,2027,125600.0,BEV,CCS2,https://carregados.com.br/carros/byd-dolphin-mini-2027-branco-0km-27433
peugeot,e-208,2026,119900.0,BEV,CCS2,https://carregados.com.br/carros/peugeot-e-208-gt-2026-preto-2700km-27434
mini,cooper elétrico,2022,150000.0,BEV,CCS2,https://carregados.com.br/carros/mini-cooper-eletrico-cooper-se-2022-preto-50000km-27435
audi,e-tron,2022,298000.0,BEV,CCS2,https://carregados.com.br/carros/audi-e-tron-2022-preto-31918km-27436
mg motor,mg4,2027,164990.0,BEV,CCS2,https://carregados.com.br/carros/mg-motor-mg4-luxury-rwd-64kwh-2027-verde-0km-27437
gac,aion ut,2027,144990.0,BEV,CCS2,https://carregados.com.br/carros/gac-aion-ut-premium-2027-prata-0km-27438
jac,e-js1,2023,79900.0,BEV,GB/T,https://carregados.com.br/carros/jac-e-js1-e-js1-2023-azul-78000km-27439
jac,e-js1,2023,74900.0,BEV,GB/T,https://carregados.com.br/carros/jac-e-js1-e-js1-2023-branco-110000km-27440
byd,seal,2025,229900.0,BEV,CCS2,https://carregados.com.br/carros/byd-seal-2025-cinza-9000km-27398
byd,dolphin,2027,132900.0,BEV,CCS2,https://carregados.com.br/carros/byd-dolphin-gs-2027-100km-27399
byd,seal,2025,219990.0,BEV,CCS2,https://carregados.com.br/carros/byd-seal-2025-preto-46000km-27400
chrysler,pacifica plug-in hybrid,2018,359800.0,PHEV,Type 2,https://carregados.com.br/carros/chrysler-pacifica-plug-in-hybrid-2018-preto-37000km-27401
gac,aion ut,2027,141800.0,BEV,CCS2,https://carregados.com.br/carros/gac-aion-ut-premium-2027-preto-500km-27402
byd,king dm-i,2026,158990.0,PHEV,CCS2,https://carregados.com.br/carros/byd-king-dm-i-gs-2026-preto-19615km-27403
byd,seal,2025,219990.0,BEV,CCS2,https://carregados.com.br/carros/byd-seal-2025-cinza-22000km-27404
gwm,ora 03,2024,143900.0,BEV,CCS2,https://carregados.com.br/carros/gwm-ora-03-gt-2024-cinza-26000km-27405
byd,dolphin,2027,145900.0,BEV,CCS2,https://carregados.com.br/carros/byd-dolphin-gs-2027-preto-0km-27406
ford,mustang mach-e,2023,289900.0,BEV,CCS2,https://carregados.com.br/carros/ford-mustang-mach-e-gt-performance-2023-cinza-28000km-27407
byd,dolphin,2025,126990.0,BEV,CCS2,https://carregados.com.br/carros/byd-dolphin-gs-2025-branco-15000km-27408
bmw,ix2,2025,355900.0,BEV,CCS2,https://carregados.com.br/carros/bmw-ix2-xdrive30-m-sport-2025-cinza-11580km-27409
byd,yuan pro,2025,159900.0,BEV,CCS2,https://carregados.com.br/carros/byd-yuan-pro-gs-2025-cinza-58394km-27410
porsche,taycan,2022,469500.0,BEV,CCS2,https://carregados.com.br/carros/porsche-taycan-4s-2022-azul-13500km-27411
byd,dolphin mini,2027,129900.0,BEV,CCS2,https://carregados.com.br/carros/byd-dolphin-mini-2027-azul-0km-27412
byd,song pro dm-i flex,2026,179900.0,PHEV,CCS2,https://carregados.com.br/carros/byd-song-pro-dm-i-flex-gs-2026-outra-5129km-27413
chevrolet,captiva ev,2026,219790.0,BEV,CCS2,https://carregados.com.br/carros/chevrolet-captiva-ev-premier-2026-cinza-0km-27414
byd,dolphin mini,2025,105900.0,BEV,CCS2,https://carregados.com.br/carros/byd-dolphin-mini-plus-2025-preto-30178km-27415
byd,seal,2025,229900.0,BEV,CCS2,https://carregados.com.br/carros/byd-seal-2025-azul-15801km-27416
byd,dolphin mini,2027,113900.0,BEV,CCS2,https://carregados.com.br/carros/byd-dolphin-mini-2027-preto-155km-27417
byd,dolphin,2025,109800.0,BEV,CCS2,https://carregados.com.br/carros/byd-dolphin-gs-2025-preto-58008km-27418
byd,dolphin,2025,112800.0,BEV,CCS2,https://carregados.com.br/carros/byd-dolphin-gs-2025-branco-29568km-27420
byd,dolphin,2025,110800.0,BEV,CCS2,https://carregados.com.br/carros/byd-dolphin-gs-2025-preto-45000km-27419
gwm,haval h6 phev flex,2025,182900.0,PHEV,CCS2,https://carregados.com.br/carros/gwm-haval-h6-phev-flex-phev19-flex-2025-preto-39181km-27421
byd,dolphin mini,2026,114100.0,BEV,CCS2,https://carregados.com.br/carros/byd-dolphin-mini-2026-verde-16308km-27422
geely,ex2,2026,142890.0,BEV,CCS2,https://carregados.com.br/carros/geely-ex2-max-2026-cinza-0km-27423
toyota,rav4 prime,2026,349290.0,PHEV,Type 2,https://carregados.com.br/carros/toyota-rav4-prime-xse-2026-cinza-0km-27424
gwm,ora 03,2026,149900.0,BEV,CCS2,https://carregados.com.br/carros/gwm-ora-03-gt-2026-branco-20586km-27425
byd,yuan pro,2026,167900.0,BEV,CCS2,https://carregados.com.br/carros/byd-yuan-pro-gs-2026-preto-11900km-27426
byd,dolphin,2027,149900.0,BEV,CCS2,https://carregados.com.br/carros/byd-dolphin-gs-2027-cinza-0km-27427
byd,dolphin,2024,124900.0,BEV,CCS2,https://carregados.com.br/carros/byd-dolphin-plus-2024-outra-19776km-27428
byd,song plus dm-i,2024,172900.0,PHEV,CCS2,https://carregados.com.br/carros/byd-song-plus-dm-i-premium-2024-vermelho-26726km-27429
byd,yuan pro,2025,157900.0,BEV,CCS2,https://carregados.com.br/carros/byd-yuan-pro-gs-2025-cinza-14985km-27430
gwm,tank 300 phev flex,2026,292900.0,PHEV,Type 2,https://carregados.com.br/carros/gwm-tank-300-phev-flex-hi4-t-2026-branco-26323km-27431
audi,q4 e-tron,2022,249900.0,BEV,CCS2,https://carregados.com.br/carros/audi-q4-e-tron-premium-2022-cinza-44000km-27432
byd,dolphin mini,2027,125990.0,BEV,CCS2,https://carregados.com.br/carros/byd-dolphin-mini-2027-branco-0km-27324
mg motor,mg4,2027,154990.0,BEV,CCS2,https://carregados.com.br/carros/mg-motor-mg4-luxury-rwd-64kwh-2027-branco-1km-27325
peugeot,e-2008,2023,114900.0,BEV,CCS2,https://carregados.com.br/carros/peugeot-e-2008-gt-2023-branco-35120km-27326
byd,dolphin mini,2027,128999.0,BEV,CCS2,https://carregados.com.br/carros/byd-dolphin-mini-2027-preto-0km-27327
geely,ex2,2026,149890.0,BEV,CCS2,https://carregados.com.br/carros/geely-ex2-max-2026-verde-0km-27328
gwm,haval h6 phev flex,2027,249900.0,PHEV,CCS2,https://carregados.com.br/carros/gwm-haval-h6-phev-flex-phev19-flex-2027-cinza-10km-27329
volvo,xc40 recharge,2023,189990.0,BEV,CCS2,https://carregados.com.br/carros/volvo-xc40-recharge-ultimate-2023-preto-62611km-27332
byd,seal,2027,279900.0,BEV,CCS2,https://carregados.com.br/carros/byd-seal-2027-cinza-1000km-27333
porsche,taycan,2023,550000.0,BEV,CCS2,https://carregados.com.br/carros/porsche-taycan-4s-2023-cinza-9320km-27334
byd,seal,2024,211900.0,BEV,CCS2,https://carregados.com.br/carros/byd-seal-2024-cinza-38814km-27335
byd,dolphin mini,2025,108900.0,BEV,CCS2,https://carregados.com.br/carros/byd-dolphin-mini-plus-2025-preto-42144km-27336
byd,dolphin,2025,147900.0,BEV,CCS2,https://carregados.com.br/carros/byd-dolphin-plus-2025-cinza-36123km-27337
byd,dolphin,2025,157500.0,BEV,CCS2,https://carregados.com.br/carros/byd-dolphin-plus-2025-cinza-18954km-27338
byd,dolphin mini,2027,129990.0,BEV,CCS2,https://carregados.com.br/carros/byd-dolphin-mini-2027-branco-0km-27340
byd,dolphin,2027,129990.0,BEV,CCS2,https://carregados.com.br/carros/byd-dolphin-gs-2027-azul-0km-27341
byd,dolphin mini,2025,113900.0,BEV,CCS2,https://carregados.com.br/carros/byd-dolphin-mini-plus-2025-preto-30471km-27342
byd,dolphin,2024,117780.0,BEV,CCS2,https://carregados.com.br/carros/byd-dolphin-plus-2024-branco-81998km-27343
byd,dolphin,2024,130900.0,BEV,CCS2,https://carregados.com.br/carros/byd-dolphin-plus-2024-preto-27000km-27344
byd,dolphin,2026,138900.0,BEV,CCS2,https://carregados.com.br/carros/byd-dolphin-plus-2026-prata-47566km-27345
gac,hyptec ht,2026,314990.0,BEV,CCS2,https://carregados.com.br/carros/gac-hyptec-ht-ultra-2026-preto-7000km-27346
chery,eq1,2023,79000.0,BEV,CCS2,https://carregados.com.br/carros/chery-eq1-2023-cinza-33000km-27348
gwm,ora 03,2024,146990.0,BEV,CCS2,https://carregados.com.br/carros/gwm-ora-03-gt-2024-cinza-24332km-27350
byd,dolphin,2027,149990.0,BEV,CCS2,https://carregados.com.br/carros/byd-dolphin-gs-2027-cinza-1400km-27352
ford,mustang mach-e,2023,299990.0,BEV,CCS2,https://carregados.com.br/carros/ford-mustang-mach-e-gt-performance-2023-vermelho-25000km-27353
byd,dolphin,2027,149990.0,BEV,CCS2,https://carregados.com.br/carros/byd-dolphin-gs-2027-branco-1160km-27355
byd,dolphin mini,2025,108900.0,BEV,CCS2,https://carregados.com.br/carros/byd-dolphin-mini-plus-2025-amarelo-9000km-27356
chevrolet,captiva ev,2026,217900.0,BEV,CCS2,https://carregados.com.br/carros/chevrolet-captiva-ev-premier-2026-cinza-0km-27357
gwm,ora 03,2024,120241.0,BEV,CCS2,https://carregados.com.br/carros/gwm-ora-03-skin-2024-preto-20000km-27358
byd,song plus dm-i,2025,185900.0,PHEV,CCS2,https://carregados.com.br/carros/byd-song-plus-dm-i-premium-2025-cinza-17038km-27359
byd,dolphin mini,2027,122900.0,BEV,CCS2,https://carregados.com.br/carros/byd-dolphin-mini-2027-preto-0km-27360
byd,dolphin,2027,160990.0,BEV,CCS2,https://carregados.com.br/carros/byd-dolphin-gs-2027-cinza-0km-27361
byd,dolphin,2026,137900.0,BEV,CCS2,https://carregados.com.br/carros/byd-dolphin-plus-2026-cinza-13800km-27363
byd,dolphin,2027,129990.0,BEV,CCS2,https://carregados.com.br/carros/byd-dolphin-gs-2027-branco-0km-27364
byd,dolphin mini,2027,129900.0,BEV,CCS2,https://carregados.com.br/carros/byd-dolphin-mini-2027-preto-0km-27365
geely,ex2,2026,133900.0,BEV,CCS2,https://carregados.com.br/carros/geely-ex2-pro-2026-branco-0km-27367
byd,dolphin mini,2027,119900.0,BEV,CCS2,https://carregados.com.br/carros/byd-dolphin-mini-2027-branco-0km-27368
byd,seal,2025,213000.0,BEV,CCS2,https://carregados.com.br/carros/byd-seal-2025-cinza-36000km-27369
byd,dolphin,2026,125900.0,BEV,CCS2,https://carregados.com.br/carros/byd-dolphin-plus-2026-preto-0km-27370
byd,song pro dm-i flex,2027,189900.0,PHEV,CCS2,https://carregados.com.br/carros/byd-song-pro-dm-i-flex-gl-2027-cinza-1km-27372
byd,dolphin mini,2027,119900.0,BEV,CCS2,https://carregados.com.br/carros/byd-dolphin-mini-2027-preto-20822km-27373
chevrolet,spark euv,2026,152900.0,BEV,CCS2,https://carregados.com.br/carros/chevrolet-spark-euv-activ-2026-preto-0km-27374
mg motor,mg4,2027,168900.0,BEV,CCS2,https://carregados.com.br/carros/mg-motor-mg4-luxury-rwd-64kwh-2027-verde-0km-27375
volvo,ex30,2024,204900.0,BEV,CCS2,https://carregados.com.br/carros/volvo-ex30-single-motor-2024-preto-25000km-27376
byd,dolphin mini,2027,129900.0,BEV,CCS2,https://carregados.com.br/carros/byd-dolphin-mini-2027-branco-0km-27377
byd,dolphin mini,2027,122990.0,BEV,CCS2,https://carregados.com.br/carros/byd-dolphin-mini-2027-outra-0km-27379
byd,dolphin,2027,148900.0,BEV,CCS2,https://carregados.com.br/carros/byd-dolphin-gs-2027-branco-0km-27378
bmw,ix,2024,499950.0,BEV,CCS2,https://carregados.com.br/carros/bmw-ix-2024-azul-5500km-27380
byd,yuan plus,2026,234900.0,BEV,CCS2,https://carregados.com.br/carros/byd-yuan-plus-2026-branco-7918km-27381
byd,dolphin mini,2027,124900.0,BEV,CCS2,https://carregados.com.br/carros/byd-dolphin-mini-gl-2027-branco-123km-27382
byd,dolphin,2027,151900.0,BEV,CCS2,https://carregados.com.br/carros/byd-dolphin-plus-2027-prata-0km-27383
volvo,xc40 recharge,2023,198990.0,BEV,CCS2,https://carregados.com.br/carros/volvo-xc40-recharge-ultimate-2023-prata-31000km-27384
audi,e-tron,2023,319890.0,BEV,CCS2,https://carregados.com.br/carros/audi-e-tron-2023-cinza-39000km-27385
byd,dolphin,2026,125990.0,BEV,CCS2,https://carregados.com.br/carros/byd-dolphin-gs-2026-preto-2290km-27386
byd,dolphin,2027,159900.0,BEV,CCS2,https://carregados.com.br/carros/byd-dolphin-plus-2027-preto-101km-27387
byd,seal,2025,209900.0,BEV,CCS2,https://carregados.com.br/carros/byd-seal-2025-cinza-29443km-27388
gwm,ora 03,2024,145900.0,BEV,CCS2,https://carregados.com.br/carros/gwm-ora-03-gt-2024-cinza-9412km-27389
byd,dolphin mini,2026,114890.0,BEV,CCS2,https://carregados.com.br/carros/byd-dolphin-mini-2026-branco-19000km-27390
byd,dolphin mini,2025,104900.0,BEV,CCS2,https://carregados.com.br/carros/byd-dolphin-mini-plus-2025-branco-41000km-27391
byd,dolphin mini,2024,70600.0,BEV,CCS2,https://carregados.com.br/carros/byd-dolphin-mini-2024-15677km-27392
volvo,xc40 recharge,2024,210000.0,BEV,CCS2,https://carregados.com.br/carros/volvo-xc40-recharge-plus-2024-branco-29896km-27393
byd,dolphin mini,2027,126990.0,BEV,CCS2,https://carregados.com.br/carros/byd-dolphin-mini-2027-cinza-8000km-27254
byd,seal,2025,305000.0,BEV,CCS2,https://carregados.com.br/carros/byd-seal-2025-branco-14800km-27255
byd,dolphin,2027,149900.0,BEV,CCS2,https://carregados.com.br/carros/byd-dolphin-gs-2027-branco-0km-27228
byd,seal,2025,305000.0,BEV,CCS2,https://carregados.com.br/carros/byd-seal-2025-branco-14800km-27229
gwm,ora 03,2024,116800.0,BEV,CCS2,https://carregados.com.br/carros/gwm-ora-03-skin-2024-preto-38000km-27230
peugeot,e-2008,2026,144800.0,BEV,CCS2,https://carregados.com.br/carros/peugeot-e-2008-gt-2026-cinza-15000km-27231
byd,yuan pro,2025,199900.0,BEV,CCS2,https://carregados.com.br/carros/byd-yuan-pro-gs-2025-cinza-18000km-27232
geely,ex2,2027,148900.0,BEV,CCS2,https://carregados.com.br/carros/geely-ex2-max-2027-branco-0km-27233
byd,tang,2023,249789.0,BEV,CCS2,https://carregados.com.br/carros/byd-tang-awd-2023-cinza-19500km-27234
chevrolet,captiva ev,2026,179990.0,BEV,CCS2,https://carregados.com.br/carros/chevrolet-captiva-ev-premier-2026-branco-7820km-27235
byd,dolphin,2027,129900.0,BEV,CCS2,https://carregados.com.br/carros/byd-dolphin-gs-2027-azul-0km-27236
byd,dolphin mini,2027,128900.0,BEV,CCS2,https://carregados.com.br/carros/byd-dolphin-mini-2027-0km-27237
gwm,ora 03,2024,127900.0,BEV,CCS2,https://carregados.com.br/carros/gwm-ora-03-skin-2024-vermelho-50000km-27238
renault,megane e-tech electric,2024,173900.0,BEV,CCS2,https://carregados.com.br/carros/renault-megane-e-tech-electric-2024-cinza-38000km-27240
byd,dolphin mini,2027,127900.0,BEV,CCS2,https://carregados.com.br/carros/byd-dolphin-mini-gl-2027-branco-0km-27241
byd,dolphin,2026,130890.0,BEV,CCS2,https://carregados.com.br/carros/byd-dolphin-gs-2026-branco-38000km-27242
byd,dolphin,2027,125000.0,BEV,CCS2,https://carregados.com.br/carros/byd-dolphin-plus-2027-branco-0km-27243
geely,ex2,2026,123800.0,BEV,CCS2,https://carregados.com.br/carros/geely-ex2-pro-2026-branco-0km-27244
nissan,leaf,2022,79900.0,BEV,CHAdeMO,https://carregados.com.br/carros/nissan-leaf-s-2022-branco-62000km-27245
byd,dolphin,2025,143900.0,BEV,CCS2,https://carregados.com.br/carros/byd-dolphin-plus-2025-cinza-50000km-27246
byd,dolphin,2027,148990.0,BEV,CCS2,https://carregados.com.br/carros/byd-dolphin-gs-2027-branco-0km-27247
chevrolet,captiva ev,2026,198990.0,BEV,CCS2,https://carregados.com.br/carros/chevrolet-captiva-ev-premier-2026-outra-0km-27248
byd,dolphin mini,2025,108000.0,BEV,CCS2,https://carregados.com.br/carros/byd-dolphin-mini-plus-2025-branco-36000km-27249
byd,dolphin mini,2026,112900.0,BEV,CCS2,https://carregados.com.br/carros/byd-dolphin-mini-2026-preto-25000km-27250
volvo,ex30,2024,208900.0,BEV,CCS2,https://carregados.com.br/carros/volvo-ex30-single-motor-2024-20697km-27251
gwm,haval h6 phev flex,2025,205055.0,PHEV,CCS2,https://carregados.com.br/carros/gwm-haval-h6-phev-flex-phev35-flex-2025-branco-12802km-27252
chevrolet,spark euv,2026,142900.0,BEV,CCS2,https://carregados.com.br/carros/chevrolet-spark-euv-activ-2026-branco-5000km-27256
byd,dolphin,2027,139990.0,BEV,CCS2,https://carregados.com.br/carros/byd-dolphin-gs-2027-preto-101km-27257
byd,dolphin,2027,161900.0,BEV,CCS2,https://carregados.com.br/carros/byd-dolphin-gs-2027-cinza-0km-27258
geely,ex2,2026,99001.0,BEV,CCS2,https://carregados.com.br/carros/geely-ex2-pro-2026-branco-0km-27259
geely,ex2,2026,148900.0,BEV,CCS2,https://carregados.com.br/carros/geely-ex2-max-2026-prata-0km-27260
bmw,ix,2024,379900.0,BEV,CCS2,https://carregados.com.br/carros/bmw-ix-2024-cinza-22461km-27261
byd,dolphin mini,2027,116900.0,BEV,CCS2,https://carregados.com.br/carros/byd-dolphin-mini-2027-branco-0km-27262
byd,dolphin,2027,149900.0,BEV,CCS2,https://carregados.com.br/carros/byd-dolphin-plus-2027-branco-0km-27263
byd,dolphin,2024,114990.0,BEV,CCS2,https://carregados.com.br/carros/byd-dolphin-gs-2024-cinza-74065km-27264
chery,eq1,2023,86500.0,BEV,CCS2,https://carregados.com.br/carros/chery-eq1-2023-branco-0km-27265
byd,dolphin mini,2027,118900.0,BEV,CCS2,https://carregados.com.br/carros/byd-dolphin-mini-2027-branco-0km-27266
byd,dolphin,2027,134900.0,BEV,CCS2,https://carregados.com.br/carros/byd-dolphin-gs-2027-branco-0km-27267
byd,dolphin mini,2027,124900.0,BEV,CCS2,https://carregados.com.br/carros/byd-dolphin-mini-gl-2027-preto-0km-27268
byd,dolphin mini,2027,115990.0,BEV,CCS2,https://carregados.com.br/carros/byd-dolphin-mini-2027-azul-12000km-27269
byd,dolphin mini,2027,120000.0,BEV,CCS2,https://carregados.com.br/carros/byd-dolphin-mini-2027-azul-0km-27270
mg motor,mg4,2027,159890.0,BEV,CCS2,https://carregados.com.br/carros/mg-motor-mg4-comfort-rwd-64kwh-2027-cinza-3356km-27271
byd,dolphin mini,2027,119900.0,BEV,CCS2,https://carregados.com.br/carros/byd-dolphin-mini-2027-azul-0km-27272
byd,king dm-i,2027,170990.0,PHEV,CCS2,https://carregados.com.br/carros/byd-king-dm-i-gs-2027-preto-0km-27273
byd,yuan pro,2025,158990.0,BEV,CCS2,https://carregados.com.br/carros/byd-yuan-pro-gs-2025-verde-34354km-27274
chevrolet,captiva ev,2026,199990.0,BEV,CCS2,https://carregados.com.br/carros/chevrolet-captiva-ev-premier-2026-0km-27275
byd,dolphin mini,2026,110900.0,BEV,CCS2,https://carregados.com.br/carros/byd-dolphin-mini-2026-branco-18596km-27276
gwm,haval h6 phev flex,2027,290000.0,PHEV,CCS2,https://carregados.com.br/carros/gwm-haval-h6-phev-flex-phev35-flex-2027-branco-0km-27277
byd,dolphin,2027,122000.0,BEV,CCS2,https://carregados.com.br/carros/byd-dolphin-plus-2027-azul-6000km-27278
byd,dolphin,2027,149900.0,BEV,CCS2,https://carregados.com.br/carros/byd-dolphin-plus-2027-branco-0km-27279
renault,zoe z.e.,2019,69900.0,BEV,CCS2,https://carregados.com.br/carros/renault-zoe-z-e-life-40-r110-2019-branco-115000km-27280
zeekr,x,2025,229490.0,BEV,CCS2,https://carregados.com.br/carros/zeekr-x-premium-rwd-2025-branco-800km-27281
byd,dolphin,2025,148990.0,BEV,CCS2,https://carregados.com.br/carros/byd-dolphin-plus-2025-cinza-41063km-27283
bmw,i3,2015,98000.0,BEV,CCS2,https://carregados.com.br/carros/bmw-i3-s-2015-cinza-60000km-27284
volvo,xc40 recharge,2024,179900.0,BEV,CCS2,https://carregados.com.br/carros/volvo-xc40-recharge-core-2024-preto-19000km-27286
volvo,c40 recharge,2022,189900.0,BEV,CCS2,https://carregados.com.br/carros/volvo-c40-recharge-plus-2022-branco-67000km-27285
byd,yuan pro,2026,189900.0,BEV,CCS2,https://carregados.com.br/carros/byd-yuan-pro-gs-2026-cinza-0km-27287
omoda,e5,2027,179990.0,BEV,CCS2,https://carregados.com.br/carros/omoda-e5-e5-2027-branco-0km-27288
byd,dolphin mini,2027,129900.0,BEV,CCS2,https://carregados.com.br/carros/byd-dolphin-mini-2027-branco-0km-27289
byd,song pro dm-i flex,2027,199990.0,PHEV,CCS2,https://carregados.com.br/carros/byd-song-pro-dm-i-flex-gs-2027-branco-0km-27290
byd,dolphin mini,2027,128900.0,BEV,CCS2,https://carregados.com.br/carros/byd-dolphin-mini-2027-0km-27291
chevrolet,captiva ev,2026,199999.0,BEV,CCS2,https://carregados.com.br/carros/chevrolet-captiva-ev-premier-2026-branco-0km-27292
byd,dolphin mini,2027,123900.0,BEV,CCS2,https://carregados.com.br/carros/byd-dolphin-mini-2027-branco-0km-27293
byd,seal,2024,206999.0,BEV,CCS2,https://carregados.com.br/carros/byd-seal-2024-verde-29000km-27294
byd,dolphin mini,2025,114999.0,BEV,CCS2,https://carregados.com.br/carros/byd-dolphin-mini-plus-2025-branco-36900km-27295
nissan,leaf,2022,97900.0,BEV,CHAdeMO,https://carregados.com.br/carros/nissan-leaf-s-2022-branco-70000km-27296
byd,seal,2025,249000.0,BEV,CCS2,https://carregados.com.br/carros/byd-seal-2025-cinza-6000km-27297
geely,ex2,2026,149900.0,BEV,CCS2,https://carregados.com.br/carros/geely-ex2-max-2026-cinza-0km-27298
byd,song plus dm-i,2027,249990.0,PHEV,CCS2,https://carregados.com.br/carros/byd-song-plus-dm-i-2027-1-5t-2027-cinza-0km-27299
byd,dolphin mini,2027,119990.0,BEV,CCS2,https://carregados.com.br/carros/byd-dolphin-mini-2027-branco-0km-27300
gac,aion ut,2027,169990.0,BEV,CCS2,https://carregados.com.br/carros/gac-aion-ut-elite-2027-preto-0km-27301
byd,dolphin mini,2026,111990.0,BEV,CCS2,https://carregados.com.br/carros/byd-dolphin-mini-2026-azul-12000km-27302
gwm,ora 03,2024,139900.0,BEV,CCS2,https://carregados.com.br/carros/gwm-ora-03-gt-2024-preto-32000km-27303
byd,dolphin mini,2026,112990.0,BEV,CCS2,https://carregados.com.br/carros/byd-dolphin-mini-2026-branco-10495km-27304
byd,dolphin,2027,126900.0,BEV,CCS2,https://carregados.com.br/carros/byd-dolphin-gs-2027-0km-27305
byd,dolphin mini,2025,106000.0,BEV,CCS2,https://carregados.com.br/carros/byd-dolphin-mini-plus-2025-branco-87000km-27306
byd,dolphin,2025,145900.0,BEV,CCS2,https://carregados.com.br/carros/byd-dolphin-plus-2025-azul-3454km-27307
geely,ex2,2026,137990.0,BEV,CCS2,https://carregados.com.br/carros/geely-ex2-pro-2026-cinza-0km-27308
byd,dolphin mini,2025,112800.0,BEV,CCS2,https://carregados.com.br/carros/byd-dolphin-mini-plus-2025-preto-12200km-27309
volvo,xc40 recharge,2024,174990.0,BEV,CCS2,https://carregados.com.br/carros/volvo-xc40-recharge-core-2024-branco-37000km-27311
gwm,ora 03,2024,140900.0,BEV,CCS2,https://carregados.com.br/carros/gwm-ora-03-gt-2024-preto-32000km-27313
gwm,ora 03,2024,149900.0,BEV,CCS2,https://carregados.com.br/carros/gwm-ora-03-gt-2024-branco-24941km-27314
geely,ex2,2026,146900.0,BEV,CCS2,https://carregados.com.br/carros/geely-ex2-max-2026-cinza-0km-27315
gac,aion ut,2027,150990.0,BEV,CCS2,https://carregados.com.br/carros/gac-aion-ut-premium-2027-azul-0km-27316
byd,dolphin mini,2025,72500.0,BEV,CCS2,https://carregados.com.br/carros/byd-dolphin-mini-plus-2025-branco-6500km-27317
byd,dolphin,2024,122900.0,BEV,CCS2,https://carregados.com.br/carros/byd-dolphin-plus-2024-cinza-48000km-27318
byd,seal,2024,212900.0,BEV,CCS2,https://carregados.com.br/carros/byd-seal-2024-branco-46000km-27319
bmw,ix,2024,372900.0,BEV,CCS2,https://carregados.com.br/carros/bmw-ix-2024-cinza-12359km-27321
byd,dolphin mini,2027,127990.0,BEV,CCS2,https://carregados.com.br/carros/byd-dolphin-mini-2027-azul-0km-27166
audi,q6 e-tron,2025,494800.0,BEV,CCS2,https://carregados.com.br/carros/audi-q6-e-tron-quattro-performance-black-2025-cinza-14600km-27167
byd,dolphin,2026,129900.0,BEV,CCS2,https://carregados.com.br/carros/byd-dolphin-plus-2026-branco-5500km-27168
mini,cooper elétrico,2022,134900.0,BEV,CCS2,https://carregados.com.br/carros/mini-cooper-eletrico-cooper-se-2022-prata-24273km-27169
byd,dolphin mini,2025,108000.0,BEV,CCS2,https://carregados.com.br/carros/byd-dolphin-mini-plus-2025-branco-60000km-27171
jaecoo,7 shs-p,2026,195990.0,BEV,CCS2,https://carregados.com.br/carros/jaecoo-7-shs-p-prestige-2026-preto-33000km-27174
byd,dolphin,2025,105990.0,BEV,CCS2,https://carregados.com.br/carros/byd-dolphin-gs-2025-preto-38000km-27175
gwm,ora 03,2027,159990.0,BEV,CCS2,https://carregados.com.br/carros/gwm-ora-03-bev58-2027-preto-0km-27176
audi,e-tron gt,2022,389900.0,BEV,CCS2,https://carregados.com.br/carros/audi-e-tron-gt-sport-2022-cinza-28609km-27177
byd,dolphin mini,2025,109900.0,BEV,CCS2,https://carregados.com.br/carros/byd-dolphin-mini-plus-2025-preto-32719km-27180
byd,dolphin mini,2027,122000.0,BEV,CCS2,https://carregados.com.br/carros/byd-dolphin-mini-2027-preto-0km-27181
byd,dolphin,2025,150900.0,BEV,CCS2,https://carregados.com.br/carros/byd-dolphin-plus-2025-branco-28736km-27182
bmw,i4 m50,2024,460900.0,BEV,CCS2,https://carregados.com.br/carros/bmw-i4-m50-m-performance-2024-azul-13000km-27183
byd,dolphin,2025,154700.0,BEV,CCS2,https://carregados.com.br/carros/byd-dolphin-plus-2025-azul-37000km-27185
byd,dolphin,2025,115900.0,BEV,CCS2,https://carregados.com.br/carros/byd-dolphin-gs-2025-branco-19638km-27187
byd,dolphin,2027,147980.0,BEV,CCS2,https://carregados.com.br/carros/byd-dolphin-gs-2027-cinza-0km-27188
volvo,ex30,2024,203900.0,BEV,CCS2,https://carregados.com.br/carros/volvo-ex30-single-motor-2024-preto-8813km-27190
volvo,xc40 recharge,2024,179900.0,BEV,CCS2,https://carregados.com.br/carros/volvo-xc40-recharge-core-2024-branco-8141km-27192
volvo,ex30,2024,203900.0,BEV,CCS2,https://carregados.com.br/carros/volvo-ex30-single-motor-2024-branco-7375km-27193
volvo,ex30,2024,199900.0,BEV,CCS2,https://carregados.com.br/carros/volvo-ex30-single-motor-2024-branco-18022km-27194
geely,ex5,2026,208990.0,BEV,CCS2,https://carregados.com.br/carros/geely-ex5-max-2026-prata-3000km-27195
volvo,ex30,2024,215900.0,BEV,CCS2,https://carregados.com.br/carros/volvo-ex30-single-motor-2024-branco-14233km-27197
porsche,taycan,2025,769900.0,BEV,CCS2,https://carregados.com.br/carros/porsche-taycan-4-cross-turismo-2025-preto-6000km-27199
leapmotor,c10,2026,192900.0,BEV,CCS2,https://carregados.com.br/carros/leapmotor-c10-reev-2026-cinza-5602km-27200
geely,ex2,2026,126900.0,BEV,CCS2,https://carregados.com.br/carros/geely-ex2-pro-2026-branco-0km-27202
byd,dolphin mini,2027,120900.0,BEV,CCS2,https://carregados.com.br/carros/byd-dolphin-mini-2027-preto-0km-27203
byd,dolphin mini,2025,88900.0,BEV,CCS2,https://carregados.com.br/carros/byd-dolphin-mini-plus-2025-branco-39800km-27204
byd,seal,2025,237990.0,BEV,CCS2,https://carregados.com.br/carros/byd-seal-2025-preto-12222km-27206
byd,dolphin mini,2027,126900.0,BEV,CCS2,https://carregados.com.br/carros/byd-dolphin-mini-2027-branco-0km-27207
nissan,leaf,2023,104990.0,BEV,CHAdeMO,https://carregados.com.br/carros/nissan-leaf-s-2023-cinza-44000km-27208
byd,dolphin mini,2027,125900.0,BEV,CCS2,https://carregados.com.br/carros/byd-dolphin-mini-2027-preto-0km-27209
byd,king dm-i,2025,138900.0,PHEV,CCS2,https://carregados.com.br/carros/byd-king-dm-i-gl-2025-preto-38000km-27210
jac,e-js1,2026,104900.0,BEV,GB/T,https://carregados.com.br/carros/jac-e-js1-e-js1-2026-cinza-27000km-27212
bmw,ix,2024,449950.0,BEV,CCS2,https://carregados.com.br/carros/bmw-ix-2024-preto-24880km-27213
byd,seal,2024,205990.0,BEV,CCS2,https://carregados.com.br/carros/byd-seal-2024-branco-29000km-27214
zeekr,x,2025,229490.0,BEV,CCS2,https://carregados.com.br/carros/zeekr-x-premium-rwd-2025-branco-800km-27216
byd,dolphin mini,2027,124900.0,BEV,CCS2,https://carregados.com.br/carros/byd-dolphin-mini-2027-azul-0km-27218
geely,ex5,2026,224900.0,BEV,CCS2,https://carregados.com.br/carros/geely-ex5-max-2026-preto-0km-27219
volvo,xc40 recharge,2024,174900.0,BEV,CCS2,https://carregados.com.br/carros/volvo-xc40-recharge-core-2024-preto-19292km-27221
mini,cooper elétrico,2023,139990.0,BEV,CCS2,https://carregados.com.br/carros/mini-cooper-eletrico-cooper-se-2023-preto-43000km-27224
mercedes,eqs amg 53 4matic+,2023,889900.0,BEV,CCS2,https://carregados.com.br/carros/mercedes-eqs-amg-53-4matic-2023-cinza-12181km-27223
audi,sq8 e-tron,2024,548000.0,BEV,CCS2,https://carregados.com.br/carros/audi-sq8-e-tron-2024-preto-10000km-27225
byd,dolphin mini,2027,114990.0,BEV,CCS2,https://carregados.com.br/carros/byd-dolphin-mini-2027-azul-0km-27227
byd,dolphin,2024,132900.0,BEV,CCS2,https://carregados.com.br/carros/byd-dolphin-plus-2024-cinza-19000km-27108
byd,dolphin mini,2025,109900.0,BEV,CCS2,https://carregados.com.br/carros/byd-dolphin-mini-plus-2025-branco-18000km-27109
nissan,leaf,2023,119700.0,BEV,CHAdeMO,https://carregados.com.br/carros/nissan-leaf-s-2023-vermelho-6912km-27110
byd,dolphin,2027,121990.0,BEV,CCS2,https://carregados.com.br/carros/byd-dolphin-gs-2027-branco-0km-27111
jaguar,i-pace,2020,200000.0,BEV,CCS2,https://carregados.com.br/carros/jaguar-i-pace-2020-preto-44500km-27112
byd,dolphin,2027,119990.0,BEV,CCS2,https://carregados.com.br/carros/byd-dolphin-gs-2027-azul-2000km-27113
byd,dolphin,2025,149900.0,BEV,CCS2,https://carregados.com.br/carros/byd-dolphin-plus-2025-cinza-34018km-27114
byd,dolphin mini,2026,115900.0,BEV,CCS2,https://carregados.com.br/carros/byd-dolphin-mini-2026-preto-25995km-27116
zeekr,x,2025,229490.0,BEV,CCS2,https://carregados.com.br/carros/zeekr-x-premium-rwd-2025-branco-1080km-27118
ford,mustang mach-e,2023,315800.0,BEV,CCS2,https://carregados.com.br/carros/ford-mustang-mach-e-gt-performance-2023-branco-46442km-27121
byd,yuan pro,2025,158990.0,BEV,CCS2,https://carregados.com.br/carros/byd-yuan-pro-gs-2025-verde-34354km-27122
byd,dolphin mini,2027,129900.0,BEV,CCS2,https://carregados.com.br/carros/byd-dolphin-mini-2027-branco-0km-27124
byd,seal,2024,208900.0,BEV,CCS2,https://carregados.com.br/carros/byd-seal-2024-preto-41277km-27126
geely,ex2,2026,144000.0,BEV,CCS2,https://carregados.com.br/carros/geely-ex2-pro-2026-prata-0km-27127
gac,aion ut,2027,139900.0,BEV,CCS2,https://carregados.com.br/carros/gac-aion-ut-premium-2027-branco-0km-27128
geely,ex2,2026,140990.0,BEV,CCS2,https://carregados.com.br/carros/geely-ex2-max-2026-cinza-0km-27129
geely,ex2,2026,140990.0,BEV,CCS2,https://carregados.com.br/carros/geely-ex2-max-2026-verde-0km-27130
byd,dolphin mini,2026,119900.0,BEV,CCS2,https://carregados.com.br/carros/byd-dolphin-mini-2026-preto-42000km-27132
porsche,taycan,2023,549000.0,BEV,CCS2,https://carregados.com.br/carros/porsche-taycan-4-cross-turismo-2023-preto-31000km-27133
volvo,ec40,2026,335000.0,BEV,CCS2,https://carregados.com.br/carros/volvo-ec40-ultra-twin-motor-performance-2026-preto-880km-27134
byd,yuan plus,2025,175352.0,BEV,CCS2,https://carregados.com.br/carros/byd-yuan-plus-gl-2025-cinza-15000km-27135
byd,seal,2025,214990.0,BEV,CCS2,https://carregados.com.br/carros/byd-seal-2025-cinza-21078km-27136
byd,dolphin,2025,78900.0,BEV,CCS2,https://carregados.com.br/carros/byd-dolphin-gs-2025-cinza-32400km-27138
byd,dolphin mini,2027,91000.0,BEV,CCS2,https://carregados.com.br/carros/byd-dolphin-mini-2027-preto-345km-27140
byd,dolphin mini,2027,125900.0,BEV,CCS2,https://carregados.com.br/carros/byd-dolphin-mini-2027-preto-0km-27141
gwm,ora 03,2026,139900.0,BEV,CCS2,https://carregados.com.br/carros/gwm-ora-03-bev58-2026-azul-9440km-27142
byd,dolphin,2025,159900.0,BEV,CCS2,https://carregados.com.br/carros/byd-dolphin-plus-2025-cinza-48000km-27143
byd,dolphin,2025,125000.0,BEV,CCS2,https://carregados.com.br/carros/byd-dolphin-plus-2025-33000km-27144
byd,seal,2025,214990.0,BEV,CCS2,https://carregados.com.br/carros/byd-seal-2025-verde-33000km-27145
chevrolet,captiva ev,2026,199990.0,BEV,CCS2,https://carregados.com.br/carros/chevrolet-captiva-ev-premier-2026-azul-0km-27146
byd,dolphin mini,2025,104000.0,BEV,CCS2,https://carregados.com.br/carros/byd-dolphin-mini-plus-2025-branco-16354km-27147
byd,dolphin mini,2025,108900.0,BEV,CCS2,https://carregados.com.br/carros/byd-dolphin-mini-plus-2025-preto-24000km-27148
byd,dolphin,2027,149990.0,BEV,CCS2,https://carregados.com.br/carros/byd-dolphin-gs-2027-cinza-208km-27150
byd,dolphin,2027,129900.0,BEV,CCS2,https://carregados.com.br/carros/byd-dolphin-gs-2027-azul-0km-27151
gwm,ora 03,2024,121900.0,BEV,CCS2,https://carregados.com.br/carros/gwm-ora-03-skin-2024-branco-39000km-27152
toyota,rav4 prime,2019,149800.0,PHEV,Type 2,https://carregados.com.br/carros/toyota-rav4-prime-xse-2019-branco-86000km-27154
byd,dolphin mini,2026,128900.0,BEV,CCS2,https://carregados.com.br/carros/byd-dolphin-mini-2026-azul-0km-27156
byd,dolphin mini,2027,129990.0,BEV,CCS2,https://carregados.com.br/carros/byd-dolphin-mini-2027-preto-0km-27157
geely,ex2,2026,148990.0,BEV,CCS2,https://carregados.com.br/carros/geely-ex2-max-2026-verde-0km-27158
byd,yuan pro,2026,183900.0,BEV,CCS2,https://carregados.com.br/carros/byd-yuan-pro-gs-2026-preto-0km-27160
gwm,ora 03,2024,149990.0,BEV,CCS2,https://carregados.com.br/carros/gwm-ora-03-gt-2024-cinza-26860km-27159
geely,ex2,2026,148990.0,BEV,CCS2,https://carregados.com.br/carros/geely-ex2-max-2026-branco-0km-27161
geely,ex2,2026,135900.0,BEV,CCS2,https://carregados.com.br/carros/geely-ex2-pro-2026-verde-0km-27162
byd,yuan pro,2026,183900.0,BEV,CCS2,https://carregados.com.br/carros/byd-yuan-pro-gs-2026-preto-0km-27164
byd,dolphin plus,2024,154990.0,BEV,CCS2,https://carregados.com.br/carros/byd-dolphin-plus-2024-cinza-54420km-27163
gwm,ora 03,2024,149990.0,BEV,CCS2,https://carregados.com.br/carros/gwm-ora-03-gt-2024-cinza-35375km-27165
byd,dolphin mini,2027,124990.0,BEV,CCS2,https://carregados.com.br/carros/byd-dolphin-mini-2027-branco-5062km-27089
toyota,bz4x,2026,422420.0,BEV,CCS2,https://carregados.com.br/carros/toyota-bz4x-2026-cinza-0km-27091
byd,dolphin mini,2027,130900.0,BEV,CCS2,https://carregados.com.br/carros/byd-dolphin-mini-2027-preto-0km-27092
geely,ex2,2026,146999.0,BEV,CCS2,https://carregados.com.br/carros/geely-ex2-max-2026-branco-0km-27093
byd,dolphin mini,2025,106900.0,BEV,CCS2,https://carregados.com.br/carros/byd-dolphin-mini-plus-2025-preto-18534km-27096
gwm,ora 03,2024,179700.0,BEV,CCS2,https://carregados.com.br/carros/gwm-ora-03-skin-2024-azul-31000km-27100
byd,dolphin mini,2027,116990.0,BEV,CCS2,https://carregados.com.br/carros/byd-dolphin-mini-2027-preto-18644km-27102
byd,dolphin mini,2025,95900.0,BEV,CCS2,https://carregados.com.br/carros/byd-dolphin-mini-plus-2025-verde-99000km-27103
byd,dolphin,2024,118900.0,BEV,CCS2,https://carregados.com.br/carros/byd-dolphin-plus-2024-amarelo-47500km-27105
gwm,ora 03,2024,114890.0,BEV,CCS2,https://carregados.com.br/carros/gwm-ora-03-skin-2024-preto-61000km-27106
audi,a6 sportback e-tron,2021,259900.0,BEV,CCS2,https://carregados.com.br/carros/audi-a6-sportback-e-tron-performance-black-2021-branco-74000km-27060
byd,dolphin,2024,124900.0,BEV,CCS2,https://carregados.com.br/carros/byd-dolphin-plus-2024-cinza-72000km-27061
volvo,xc40 recharge,2023,185900.0,BEV,CCS2,https://carregados.com.br/carros/volvo-xc40-recharge-plus-2023-prata-50000km-27062
zeekr,x,2025,245900.0,BEV,CCS2,https://carregados.com.br/carros/zeekr-x-flagship-awd-2025-branco-35000km-27064
byd,dolphin mini,2026,109000.0,BEV,CCS2,https://carregados.com.br/carros/byd-dolphin-mini-2026-branco-20467km-27065
volvo,c40 recharge,2023,212900.0,BEV,CCS2,https://carregados.com.br/carros/volvo-c40-recharge-ultimate-2023-preto-41559km-27066
volvo,c40 recharge,2022,199990.0,BEV,CCS2,https://carregados.com.br/carros/volvo-c40-recharge-ultimate-2022-preto-60000km-27067
chevrolet,bolt ev,2022,149900.0,BEV,CCS2,https://carregados.com.br/carros/chevrolet-bolt-ev-premier-2022-preto-18897km-27071
byd,dolphin,2026,139900.0,BEV,CCS2,https://carregados.com.br/carros/byd-dolphin-plus-2026-preto-19000km-27072
byd,dolphin mini,2026,109900.0,BEV,CCS2,https://carregados.com.br/carros/byd-dolphin-mini-2026-preto-14000km-27073
byd,seal,2025,249900.0,BEV,CCS2,https://carregados.com.br/carros/byd-seal-2025-cinza-24000km-27074
chevrolet,captiva ev,2026,174900.0,BEV,CCS2,https://carregados.com.br/carros/chevrolet-captiva-ev-premier-2026-branco-9000km-27075
byd,dolphin,2025,124000.0,BEV,CCS2,https://carregados.com.br/carros/byd-dolphin-plus-2025-prata-37000km-27076
byd,sealion 7,2027,339990.0,BEV,CCS2,https://carregados.com.br/carros/byd-sealion-7-awd-91-3kwh-2027-azul-0km-27077
byd,sealion 7,2027,339990.0,BEV,CCS2,https://carregados.com.br/carros/byd-sealion-7-awd-91-3kwh-2027-branco-0km-27078
tesla,model y,2021,299700.0,BEV,CCS2,https://carregados.com.br/carros/tesla-model-y-performance-2021-preto-16000km-27080
zeekr,001,2025,388890.0,BEV,CCS2,https://carregados.com.br/carros/zeekr-001-flagship-awd-2025-azul-17000km-27082
jac,e-js4,2024,81500.0,BEV,CCS2,https://carregados.com.br/carros/jac-e-js4-e-js4-2024-vermelho-39315km-27083
byd,dolphin,2027,149900.0,BEV,CCS2,https://carregados.com.br/carros/byd-dolphin-gs-2027-cinza-0km-27084
volvo,xc90 plug-in hybrid,2021,215890.0,PHEV,Type 2,https://carregados.com.br/carros/volvo-xc90-plug-in-hybrid-plus-t8-awd-2021-cinza-95487km-27086
byd,dolphin mini,2027,124900.0,BEV,CCS2,https://carregados.com.br/carros/byd-dolphin-mini-2027-branco-0km-27087
byd,dolphin mini,2025,115900.0,BEV,CCS2,https://carregados.com.br/carros/byd-dolphin-mini-plus-2025-branco-15000km-27042
gwm,ora 03,2027,164900.0,BEV,CCS2,https://carregados.com.br/carros/gwm-ora-03-bev58-2027-cinza-0km-27043
byd,dolphin mini,2025,115900.0,BEV,CCS2,https://carregados.com.br/carros/byd-dolphin-mini-plus-2025-branco-33000km-27044
byd,atto 8,2027,365990.0,BEV,CCS2,https://carregados.com.br/carros/byd-atto-8-2027-cinza-342km-27045
byd,song pro dm-i flex,2026,149000.0,PHEV,CCS2,https://carregados.com.br/carros/byd-song-pro-dm-i-flex-gl-2026-cinza-41009km-27046
byd,dolphin mini,2027,123490.0,BEV,CCS2,https://carregados.com.br/carros/byd-dolphin-mini-2027-preto-0km-27047
byd,seal,2024,195000.0,BEV,CCS2,https://carregados.com.br/carros/byd-seal-2024-cinza-75000km-27049
gwm,ora 03,2026,145900.0,BEV,CCS2,https://carregados.com.br/carros/gwm-ora-03-skin-2026-azul-7000km-27054
byd,dolphin mini,2025,109900.0,BEV,CCS2,https://carregados.com.br/carros/byd-dolphin-mini-plus-2025-branco-34200km-27057
volvo,c40 recharge,2023,203900.0,BEV,CCS2,https://carregados.com.br/carros/volvo-c40-recharge-ultimate-2023-preto-35643km-27013
byd,dolphin mini,2027,128990.0,BEV,CCS2,https://carregados.com.br/carros/byd-dolphin-mini-2027-preto-0km-27015
bmw,i3,2021,137900.0,BEV,CCS2,https://carregados.com.br/carros/bmw-i3-s-2021-azul-77323km-27016
gwm,ora 03,2026,147990.0,BEV,CCS2,https://carregados.com.br/carros/gwm-ora-03-bev58-2026-branco-7221km-27017
byd,dolphin,2025,166000.0,BEV,CCS2,https://carregados.com.br/carros/byd-dolphin-plus-2025-branco-5500km-27021
byd,yuan pro,2025,153990.0,BEV,CCS2,https://carregados.com.br/carros/byd-yuan-pro-gs-2025-branco-42268km-27023
byd,dolphin mini,2027,121770.0,BEV,CCS2,https://carregados.com.br/carros/byd-dolphin-mini-2027-preto-0km-27024
byd,dolphin mini,2027,111900.0,BEV,CCS2,https://carregados.com.br/carros/byd-dolphin-mini-2027-branco-9634km-27025
byd,dolphin mini,2027,129900.0,BEV,CCS2,https://carregados.com.br/carros/byd-dolphin-mini-2027-branco-0km-27028
byd,dolphin special edition,2027,173900.0,BEV,CCS2,https://carregados.com.br/carros/byd-dolphin-special-edition-se-290ev-2027-0km-27029
byd,dolphin,2025,159990.0,BEV,CCS2,https://carregados.com.br/carros/byd-dolphin-plus-2025-cinza-19500km-27030
byd,dolphin mini,2025,119900.0,BEV,CCS2,https://carregados.com.br/carros/byd-dolphin-mini-plus-2025-cinza-36184km-27031
porsche,taycan,2023,499900.0,BEV,CCS2,https://carregados.com.br/carros/porsche-taycan-4-cross-turismo-2023-cinza-30080km-27033
byd,dolphin plus,2024,138000.0,BEV,CCS2,https://carregados.com.br/carros/byd-dolphin-plus-2024-cinza-45167km-27035
byd,king dm-i,2025,147900.0,PHEV,CCS2,https://carregados.com.br/carros/byd-king-dm-i-gs-2025-cinza-29922km-27036
byd,dolphin,2025,126900.0,BEV,CCS2,https://carregados.com.br/carros/byd-dolphin-gs-2025-cinza-43468km-27038
byd,dolphin,2024,118990.0,BEV,CCS2,https://carregados.com.br/carros/byd-dolphin-plus-2024-cinza-113000km-27011
volvo,ec40,2024,189900.0,BEV,CCS2,https://carregados.com.br/carros/volvo-ec40-plus-single-motor-2024-preto-14709km-26997
chevrolet,spark euv,2026,144990.0,BEV,CCS2,https://carregados.com.br/carros/chevrolet-spark-euv-activ-2026-cinza-0km-27000
byd,dolphin mini,2025,104990.0,BEV,CCS2,https://carregados.com.br/carros/byd-dolphin-mini-plus-2025-preto-58000km-27004
gwm,haval h6 phev flex,2025,194900.0,PHEV,CCS2,https://carregados.com.br/carros/gwm-haval-h6-phev-flex-phev19-flex-2025-azul-31000km-27005
porsche,macan electric,2025,639990.0,BEV,CCS2,https://carregados.com.br/carros/porsche-macan-electric-macan-4s-2025-10076km-27006
byd,seal,2024,215000.0,BEV,CCS2,https://carregados.com.br/carros/byd-seal-2024-preto-15000km-27009
byd,dolphin mini,2027,136990.0,BEV,CCS2,https://carregados.com.br/carros/byd-dolphin-mini-2027-azul-0km-26984
geely,ex2,2026,146990.0,BEV,CCS2,https://carregados.com.br/carros/geely-ex2-max-2026-branco-0km-26970
byd,dolphin,2027,123900.0,BEV,CCS2,https://carregados.com.br/carros/byd-dolphin-gs-2027-branco-0km-26972
byd,yuan plus,2024,169600.0,BEV,CCS2,https://carregados.com.br/carros/byd-yuan-plus-gl-2024-vermelho-7357km-26974
byd,dolphin mini,2027,119990.0,BEV,CCS2,https://carregados.com.br/carros/byd-dolphin-mini-2027-branco-0km-26975
byd,dolphin special edition,2027,169800.0,BEV,CCS2,https://carregados.com.br/carros/byd-dolphin-special-edition-se-290ev-2027-cinza-5000km-26976
byd,seal,2025,224990.0,BEV,CCS2,https://carregados.com.br/carros/byd-seal-2025-cinza-19000km-26977
byd,dolphin,2025,151990.0,BEV,CCS2,https://carregados.com.br/carros/byd-dolphin-plus-2025-cinza-18755km-26987
byd,song plus dm-i,2026,229900.0,PHEV,CCS2,https://carregados.com.br/carros/byd-song-plus-dm-i-2027-1-5t-2026-cinza-31767km-26988
jaecoo,7 shs-p,2026,209990.0,BEV,CCS2,https://carregados.com.br/carros/jaecoo-7-shs-p-luxury-2026-cinza-5000km-26989
byd,seal,2025,229990.0,BEV,CCS2,https://carregados.com.br/carros/byd-seal-2025-cinza-1924km-26990
byd,dolphin mini,2025,89900.0,BEV,CCS2,https://carregados.com.br/carros/byd-dolphin-mini-plus-2025-branco-16358km-26991
byd,dolphin mini,2025,104990.0,BEV,CCS2,https://carregados.com.br/carros/byd-dolphin-mini-plus-2025-preto-57000km-26992
byd,seal,2025,229990.0,BEV,CCS2,https://carregados.com.br/carros/byd-seal-2025-cinza-1924km-26995
gmc,hummer ev suv,2025,1899990.0,BEV,CCS2,https://carregados.com.br/carros/gmc-hummer-ev-suv-hummer-ev-edition-1-2025-verde-0km-26942
byd,song plus dm-i,2025,181900.0,PHEV,CCS2,https://carregados.com.br/carros/byd-song-plus-dm-i-premium-2025-branco-44516km-26943
bmw,i5 m60,2026,795990.0,BEV,CCS2,https://carregados.com.br/carros/bmw-i5-m60-2026-azul-0km-26944
bmw,i7,2026,1373950.0,BEV,CCS2,https://carregados.com.br/carros/bmw-i7-xdrive60-m-sport-2026-preto-0km-26945
bmw,i4 edrive35,2026,582950.0,BEV,CCS2,https://carregados.com.br/carros/bmw-i4-edrive35-m-sport-2026-verde-0km-26946
byd,dolphin mini,2026,129900.0,BEV,CCS2,https://carregados.com.br/carros/byd-dolphin-mini-2026-preto-0km-26947
bmw,ix2,2026,505990.0,BEV,CCS2,https://carregados.com.br/carros/bmw-ix2-xdrive30-m-sport-2026-branco-0km-26948
bmw,i4 m50,2026,675990.0,BEV,CCS2,https://carregados.com.br/carros/bmw-i4-m50-m-performance-2026-azul-0km-26949
gwm,ora 03,2026,147900.0,BEV,CCS2,https://carregados.com.br/carros/gwm-ora-03-gt-2026-azul-6369km-26951
byd,dolphin,2025,103890.0,BEV,CCS2,https://carregados.com.br/carros/byd-dolphin-gs-2025-outra-24000km-26952
mini,cooper elétrico,2025,274900.0,BEV,CCS2,https://carregados.com.br/carros/mini-cooper-eletrico-jcw-e-2025-branco-8000km-26954
volvo,ex30,2024,204900.0,BEV,CCS2,https://carregados.com.br/carros/volvo-ex30-single-motor-2024-branco-22000km-26957
gwm,ora 03,2026,144890.0,BEV,CCS2,https://carregados.com.br/carros/gwm-ora-03-skin-2026-branco-6000km-26958
zeekr,7x,2027,468000.0,BEV,CCS2,https://carregados.com.br/carros/zeekr-7x-flagship-awd-2027-cinza-0km-26959
byd,dolphin mini,2027,131900.0,BEV,CCS2,https://carregados.com.br/carros/byd-dolphin-mini-2027-branco-100km-26965
gwm,ora 03,2026,147900.0,BEV,CCS2,https://carregados.com.br/carros/gwm-ora-03-gt-2026-azul-6400km-26967
geely,ex2,2026,134900.0,BEV,CCS2,https://carregados.com.br/carros/geely-ex2-pro-2026-prata-0km-26933
byd,dolphin,2024,113900.0,BEV,CCS2,https://carregados.com.br/carros/byd-dolphin-plus-2024-preto-18900km-26935
byd,sealion 7,2027,339990.0,BEV,CCS2,https://carregados.com.br/carros/byd-sealion-7-awd-2027-branco-0km-26936
byd,yuan pro,2027,169990.0,BEV,CCS2,https://carregados.com.br/carros/byd-yuan-pro-2027-preto-0km-26937
byd,dolphin mini,2027,119990.0,BEV,CCS2,https://carregados.com.br/carros/byd-dolphin-mini-2027-branco-0km-26938
byd,dolphin,2027,119990.0,BEV,CCS2,https://carregados.com.br/carros/byd-dolphin-2027-azul-0km-26939
byd,dolphin mini,2025,106900.0,BEV,CCS2,https://carregados.com.br/carros/byd-dolphin-mini-plus-2025-branco-113000km-26918
gwm,ora 03,2026,139900.0,BEV,CCS2,https://carregados.com.br/carros/gwm-ora-03-skin-2026-branco-8000km-26921
byd,dolphin,2027,127900.0,BEV,CCS2,https://carregados.com.br/carros/byd-dolphin-gs-2027-branco-0km-26925
geely,ex2,2026,145000.0,BEV,CCS2,https://carregados.com.br/carros/geely-ex2-max-2026-cinza-0km-26928
bmw,i4 edrive35,2024,320877.0,BEV,CCS2,https://carregados.com.br/carros/bmw-i4-edrive35-m-sport-2024-cinza-28000km-26929
byd,seal,2024,209900.0,BEV,CCS2,https://carregados.com.br/carros/byd-seal-2024-preto-40000km-26930
gwm,haval h6 plug-in hybrid,2026,255900.0,HEV,N/A,https://carregados.com.br/carros/gwm-haval-h6-plug-in-hybrid-34-2026-preto-9599km-26894
byd,dolphin mini,2027,114890.0,BEV,CCS2,https://carregados.com.br/carros/byd-dolphin-mini-2027-preto-17001km-26895
volvo,ex40,2023,209900.0,BEV,CCS2,https://carregados.com.br/carros/volvo-ex40-ultra-twin-engine-2023-azul-38000km-26896
byd,dolphin mini,2027,127790.0,BEV,CCS2,https://carregados.com.br/carros/byd-dolphin-mini-plus-2027-preto-1691km-26901
byd,dolphin plus,2025,147890.0,BEV,CCS2,https://carregados.com.br/carros/byd-dolphin-plus-2025-azul-92928km-26903
chevrolet,captiva ev,2026,199000.0,BEV,CCS2,https://carregados.com.br/carros/chevrolet-captiva-ev-2026-cinza-0km-26909
bmw,ix,2024,368900.0,BEV,CCS2,https://carregados.com.br/carros/bmw-ix-2024-preto-24826km-26910
volvo,xc40 recharge,2023,189900.0,BEV,CCS2,https://carregados.com.br/carros/volvo-xc40-recharge-plus-2023-preto-31000km-26869
byd,dolphin mini,2025,111900.0,BEV,CCS2,https://carregados.com.br/carros/byd-dolphin-mini-plus-2025-preto-20000km-26872
audi,e-tron sportback,2021,339990.0,BEV,CCS2,https://carregados.com.br/carros/audi-e-tron-sportback-prestige-2021-cinza-22650km-26880
byd,dolphin mini,2027,129900.0,BEV,CCS2,https://carregados.com.br/carros/byd-dolphin-mini-2027-azul-0km-26881
byd,dolphin plus,2025,147900.0,BEV,CCS2,https://carregados.com.br/carros/byd-dolphin-plus-2025-cinza-33700km-26882
honda,clarity plug-in hybrid,2023,231900.0,PHEV,Type 2,https://carregados.com.br/carros/honda-clarity-plug-in-hybrid-2023-branco-17000km-26883
byd,dolphin mini,2027,124980.0,BEV,CCS2,https://carregados.com.br/carros/byd-dolphin-mini-2027-branco-110km-26884
byd,dolphin,2024,124900.0,BEV,CCS2,https://carregados.com.br/carros/byd-dolphin-plus-2024-cinza-69000km-26868
mini,cooper se,2022,119000.0,BEV,CCS2,https://carregados.com.br/carros/mini-cooper-se-iconic-2022-verde-46000km-26844
byd,dolphin mini,2027,122990.0,BEV,CCS2,https://carregados.com.br/carros/byd-dolphin-mini-plus-2027-preto-0km-26845
byd,dolphin plus,2024,148990.0,BEV,CCS2,https://carregados.com.br/carros/byd-dolphin-plus-2024-cinza-30350km-26847
land rover,range rover velar plug-in hybrid,2025,479900.0,PHEV,Type 2,https://carregados.com.br/carros/land-rover-range-rover-velar-plug-in-hybrid-2025-preto-19000km-26849
byd,yuan plus,2024,214900.0,BEV,CCS2,https://carregados.com.br/carros/byd-yuan-plus-2024-branco-50000km-26852
leapmotor,c10,2026,199890.0,BEV,CCS2,https://carregados.com.br/carros/leapmotor-c10-bev-2026-cinza-0km-26853
gwm,ora 03,2024,149600.0,BEV,CCS2,https://carregados.com.br/carros/gwm-ora-03-gt-2024-preto-8995km-26855
byd,song pro dm-i plug-in hybrid,2027,199990.0,PHEV,CCS2,https://carregados.com.br/carros/byd-song-pro-dm-i-plug-in-hybrid-gl-2027-cinza-0km-26856
byd,dolphin mini,2027,129900.0,BEV,CCS2,https://carregados.com.br/carros/byd-dolphin-mini-2027-azul-0km-26857
byd,song plus dm-i plug-in hybrid,2027,242990.0,PHEV,CCS2,https://carregados.com.br/carros/byd-song-plus-dm-i-plug-in-hybrid-2027-cinza-0km-26858
byd,seal,2024,199900.0,BEV,CCS2,https://carregados.com.br/carros/byd-seal-2024-cinza-24000km-26859
gwm,ora 03,2026,151900.0,BEV,CCS2,https://carregados.com.br/carros/gwm-ora-03-2026-branco-20000km-26862
geely,ex2,2026,149900.0,BEV,CCS2,https://carregados.com.br/carros/geely-ex2-max-2026-branco-0km-26863
hyundai,tucson plug-in hybrid,2017,189990.0,PHEV,Type 2,https://carregados.com.br/carros/hyundai-tucson-plug-in-hybrid-limited-2017-outra-33000km-26820
byd,dolphin,2027,151900.0,BEV,CCS2,https://carregados.com.br/carros/byd-dolphin-gs-2027-cinza-0km-26821
fiat,500e,2022,135900.0,BEV,CCS2,https://carregados.com.br/carros/fiat-500e-2022-branco-11000km-26822
byd,song plus,2025,184900.0,BEV,CCS2,https://carregados.com.br/carros/byd-song-plus-2025-branco-49532km-26823
byd,seal,2025,229900.0,BEV,CCS2,https://carregados.com.br/carros/byd-seal-2025-verde-12069km-26831
omoda,e5,2026,184888.0,BEV,CCS2,https://carregados.com.br/carros/omoda-e5-2026-prata-14456km-26833
byd,dolphin mini,2027,119990.0,BEV,CCS2,https://carregados.com.br/carros/byd-dolphin-mini-2027-azul-0km-26834
leapmotor,b10,2026,182990.0,BEV,CCS2,https://carregados.com.br/carros/leapmotor-b10-2026-outra-0km-26758
byd,dolphin mini,2027,128900.0,BEV,CCS2,https://carregados.com.br/carros/byd-dolphin-mini-2027-branco-0km-26762
byd,dolphin mini,2027,123900.0,BEV,CCS2,https://carregados.com.br/carros/byd-dolphin-mini-2027-branco-0km-26764
byd,dolphin mini,2025,106900.0,BEV,CCS2,https://carregados.com.br/carros/byd-dolphin-mini-plus-2025-preto-9000km-26767
geely,ex2,2026,131790.0,BEV,CCS2,https://carregados.com.br/carros/geely-ex2-pro-2026-prata-0km-26769
byd,sealion 7,2027,369990.0,BEV,CCS2,https://carregados.com.br/carros/byd-sealion-7-awd-2027-42km-26770
byd,yuan pro,2025,164900.0,BEV,CCS2,https://carregados.com.br/carros/byd-yuan-pro-gs-2025-branco-17000km-26775
geely,ex2,2026,148990.0,BEV,CCS2,https://carregados.com.br/carros/geely-ex2-max-2026-branco-300km-26777
geely,ex2,2026,135900.0,BEV,CCS2,https://carregados.com.br/carros/geely-ex2-pro-2026-prata-0km-26778
volvo,ex30,2024,189990.0,BEV,CCS2,https://carregados.com.br/carros/volvo-ex30-core-2024-branco-22119km-26779
byd,dolphin,2026,139900.0,BEV,CCS2,https://carregados.com.br/carros/byd-dolphin-2026-preto-4km-26780
byd,seal,2025,221790.0,BEV,CCS2,https://carregados.com.br/carros/byd-seal-2025-branco-14000km-26782
byd,dolphin mini,2027,119900.0,BEV,CCS2,https://carregados.com.br/carros/byd-dolphin-mini-2027-preto-0km-26786
byd,dolphin mini,2027,119900.0,BEV,CCS2,https://carregados.com.br/carros/byd-dolphin-mini-2027-branco-0km-26787
byd,tang,2023,229800.0,BEV,CCS2,https://carregados.com.br/carros/byd-tang-awd-2023-cinza-41565km-26789
chevrolet,spark euv,2026,142890.0,BEV,CCS2,https://carregados.com.br/carros/chevrolet-spark-euv-2026-preto-7640km-26791
tesla,model 3,2018,249900.0,BEV,CCS2,https://carregados.com.br/carros/tesla-model-3-performance-2018-branco-24000km-26799
renault,kangoo z.e.,2020,97900.0,BEV,CCS2,https://carregados.com.br/carros/renault-kangoo-z-e-2020-branco-44700km-26801
geely,ex2,2026,149900.0,BEV,CCS2,https://carregados.com.br/carros/geely-ex2-max-2026-cinza-100km-26803
byd,dolphin,2027,132900.0,BEV,CCS2,https://carregados.com.br/carros/byd-dolphin-gs-2027-branco-980km-26809
byd,dolphin,2025,109900.0,BEV,CCS2,https://carregados.com.br/carros/byd-dolphin-gs-2025-branco-31000km-26811
byd,dolphin,2027,125990.0,BEV,CCS2,https://carregados.com.br/carros/byd-dolphin-2027-preto-15km-26814
gwm,ora 03,2027,159900.0,BEV,CCS2,https://carregados.com.br/carros/gwm-ora-03-2027-cinza-800km-26815
jac,e-js1,2023,79900.0,BEV,GB/T,https://carregados.com.br/carros/jac-e-js1-2023-branco-66579km-26816
byd,dolphin mini,2027,127900.0,BEV,CCS2,https://carregados.com.br/carros/byd-dolphin-mini-2027-azul-0km-26817
byd,dolphin mini,2025,107900.0,BEV,CCS2,https://carregados.com.br/carros/byd-dolphin-mini-plus-2025-branco-40000km-26818
volvo,xc40 recharge,2023,198900.0,BEV,CCS2,https://carregados.com.br/carros/volvo-xc40-recharge-plus-2023-prata-52000km-26819
byd,dolphin mini,2027,125990.0,BEV,CCS2,https://carregados.com.br/carros/byd-dolphin-mini-2027-azul-0km-26748
byd,dolphin mini,2027,119900.0,BEV,CCS2,https://carregados.com.br/carros/byd-dolphin-mini-2027-preto-0km-26751
byd,dolphin,2027,123900.0,BEV,CCS2,https://carregados.com.br/carros/byd-dolphin-gs-2027-azul-0km-26753
mercedes,eqe 300,2023,414950.0,BEV,CCS2,https://carregados.com.br/carros/mercedes-eqe-300-2023-preto-7785km-26754
byd,dolphin mini,2025,99900.0,BEV,CCS2,https://carregados.com.br/carros/byd-dolphin-mini-plus-2025-branco-81400km-26755
byd,seal,2025,135000.0,BEV,CCS2,https://carregados.com.br/carros/byd-seal-2025-branco-2089km-26699
byd,dolphin,2027,129900.0,BEV,CCS2,https://carregados.com.br/carros/byd-dolphin-gs-2027-azul-0km-26710
byd,dolphin mini,2025,109900.0,BEV,CCS2,https://carregados.com.br/carros/byd-dolphin-mini-plus-2025-preto-34000km-26713
byd,dolphin mini,2025,111890.0,BEV,CCS2,https://carregados.com.br/carros/byd-dolphin-mini-plus-2025-preto-13700km-26714
byd,seal,2027,299990.0,BEV,CCS2,https://carregados.com.br/carros/byd-seal-2027-branco-0km-26716
byd,dolphin mini,2027,119990.0,BEV,CCS2,https://carregados.com.br/carros/byd-dolphin-mini-2027-preto-0km-26717
gwm,haval h6 phev flex,2026,234990.0,PHEV,CCS2,https://carregados.com.br/carros/gwm-haval-h6-phev-flex-phev19-flex-2026-cinza-10000km-26720
byd,dolphin,2027,129990.0,BEV,CCS2,https://carregados.com.br/carros/byd-dolphin-gs-2027-branco-0km-26724
geely,ex2,2026,134990.0,BEV,CCS2,https://carregados.com.br/carros/geely-ex2-pro-2026-prata-0km-26726
byd,dolphin,2027,122990.0,BEV,CCS2,https://carregados.com.br/carros/byd-dolphin-gs-2027-preto-0km-26727
audi,q8 e-tron,2024,429000.0,BEV,CCS2,https://carregados.com.br/carros/audi-q8-e-tron-2024-outra-28046km-26728
geely,ex2,2026,134990.0,BEV,CCS2,https://carregados.com.br/carros/geely-ex2-pro-2026-branco-0km-26729
chevrolet,spark euv,2026,135990.0,BEV,CCS2,https://carregados.com.br/carros/chevrolet-spark-euv-2026-cinza-29000km-26731
byd,seal,2024,208980.0,BEV,CCS2,https://carregados.com.br/carros/byd-seal-2024-cinza-37793km-26737
byd,dolphin plus,2025,109900.0,BEV,CCS2,https://carregados.com.br/carros/byd-dolphin-plus-2025-branco-165629km-26739
byd,dolphin,2024,116900.0,BEV,CCS2,https://carregados.com.br/carros/byd-dolphin-plus-2024-cinza-0km-26655
gwm,haval h6 plug-in hybrid,2025,204900.0,HEV,N/A,https://carregados.com.br/carros/gwm-haval-h6-plug-in-hybrid-19-2025-cinza-35400km-26658
byd,dolphin mini,2027,119900.0,BEV,CCS2,https://carregados.com.br/carros/byd-dolphin-mini-2027-preto-0km-26660
gwm,ora 03,2027,153900.0,BEV,CCS2,https://carregados.com.br/carros/gwm-ora-03-bev58-2027-azul-1650km-26663
byd,dolphin mini,2027,129900.0,BEV,CCS2,https://carregados.com.br/carros/byd-dolphin-mini-2027-0km-26664
chevrolet,spark euv,2026,142990.0,BEV,CCS2,https://carregados.com.br/carros/chevrolet-spark-euv-2026-cinza-7600km-26668
byd,seal,2024,209900.0,BEV,CCS2,https://carregados.com.br/carros/byd-seal-2024-branco-32000km-26672
denza,b5,2027,449900.0,BEV,CCS2,https://carregados.com.br/carros/denza-b5-gs-dm-2027-cinza-0km-26673
geely,ex2,2026,139900.0,BEV,CCS2,https://carregados.com.br/carros/geely-ex2-pro-2026-prata-0km-26675
gwm,ora 03,2024,133900.0,BEV,CCS2,https://carregados.com.br/carros/gwm-ora-03-skin-2024-branco-29000km-26678
gwm,ora 03,2026,144990.0,BEV,CCS2,https://carregados.com.br/carros/gwm-ora-03-2026-branco-1000km-26686
geely,ex2,2026,131800.0,BEV,CCS2,https://carregados.com.br/carros/geely-ex2-pro-2026-branco-0km-26689
byd,dolphin mini,2025,105000.0,BEV,CCS2,https://carregados.com.br/carros/byd-dolphin-mini-plus-2025-branco-48653km-26691
byd,dolphin,2024,116800.0,BEV,CCS2,https://carregados.com.br/carros/byd-dolphin-plus-2024-branco-37218km-26613
geely,ex2,2026,134900.0,BEV,CCS2,https://carregados.com.br/carros/geely-ex2-pro-2026-cinza-0km-26614
byd,dolphin mini,2025,104990.0,BEV,CCS2,https://carregados.com.br/carros/byd-dolphin-mini-plus-2025-preto-60622km-26615
byd,seal,2024,229990.0,BEV,CCS2,https://carregados.com.br/carros/byd-seal-2024-26611km-26622
byd,seal,2024,219900.0,BEV,CCS2,https://carregados.com.br/carros/byd-seal-2024-branco-46000km-26624
chevrolet,spark euv,2026,144990.0,BEV,CCS2,https://carregados.com.br/carros/chevrolet-spark-euv-2026-preto-11000km-26631
geely,ex2,2026,146890.0,BEV,CCS2,https://carregados.com.br/carros/geely-ex2-max-2026-prata-0km-26634
gac,aion v,2027,219890.0,BEV,CCS2,https://carregados.com.br/carros/gac-aion-v-elite-2027-branco-0km-26636
byd,dolphin,2025,101900.0,BEV,CCS2,https://carregados.com.br/carros/byd-dolphin-gs-2025-preto-17437km-26639
geely,ex2,2026,148990.0,BEV,CCS2,https://carregados.com.br/carros/geely-ex2-max-2026-cinza-0km-26640
geely,ex2,2026,148990.0,BEV,CCS2,https://carregados.com.br/carros/geely-ex2-max-2026-verde-0km-26642
geely,ex2,2026,134900.0,BEV,CCS2,https://carregados.com.br/carros/geely-ex2-pro-2026-branco-0km-26641
geely,ex2,2026,148990.0,BEV,CCS2,https://carregados.com.br/carros/geely-ex2-max-2026-prata-0km-26643
byd,dolphin,2027,174990.0,BEV,CCS2,https://carregados.com.br/carros/byd-dolphin-plus-2027-cinza-0km-26644
geely,ex2,2026,148990.0,BEV,CCS2,https://carregados.com.br/carros/geely-ex2-max-2026-prata-0km-26645
byd,yuan plus,2024,209990.0,BEV,CCS2,https://carregados.com.br/carros/byd-yuan-plus-2024-branco-49000km-26546
chevrolet,blazer ev,2024,329900.0,BEV,CCS2,https://carregados.com.br/carros/chevrolet-blazer-ev-2024-preto-6405km-26547
chevrolet,equinox ev,2024,269900.0,BEV,CCS2,https://carregados.com.br/carros/chevrolet-equinox-ev-2024-prata-773km-26548
jac,e-js4,2023,112900.0,BEV,CCS2,https://carregados.com.br/carros/jac-e-js4-2023-preto-63000km-26552
byd,dolphin mini,2025,117900.0,BEV,CCS2,https://carregados.com.br/carros/byd-dolphin-mini-plus-2025-preto-35000km-26562
byd,dolphin mini,2027,139990.0,BEV,CCS2,https://carregados.com.br/carros/byd-dolphin-mini-2027-branco-0km-26563
zeekr,x,2025,249900.0,BEV,CCS2,https://carregados.com.br/carros/zeekr-x-flagship-2025-cinza-8750km-26565
byd,seal,2025,221809.0,BEV,CCS2,https://carregados.com.br/carros/byd-seal-2025-branco-14000km-26566
byd,dolphin mini,2027,119900.0,BEV,CCS2,https://carregados.com.br/carros/byd-dolphin-mini-2027-branco-0km-26567
zeekr,001,2025,398900.0,BEV,CCS2,https://carregados.com.br/carros/zeekr-001-flagship-awd-2025-preto-17300km-26569
denza,b5,2027,429900.0,BEV,CCS2,https://carregados.com.br/carros/denza-b5-gs-dm-2027-preto-0km-26571
byd,dolphin,2025,115900.0,BEV,CCS2,https://carregados.com.br/carros/byd-dolphin-gs-2025-branco-50887km-26572
byd,dolphin,2027,149900.0,BEV,CCS2,https://carregados.com.br/carros/byd-dolphin-gs-2027-prata-0km-26573
mini,cooper se,2024,140000.0,BEV,CCS2,https://carregados.com.br/carros/mini-cooper-se-2024-preto-12000km-26575
geely,ex2,2026,135900.0,BEV,CCS2,https://carregados.com.br/carros/geely-ex2-pro-2026-preto-0km-26578
byd,tang,2023,299970.0,BEV,CCS2,https://carregados.com.br/carros/byd-tang-awd-2023-preto-15549km-26583
byd,dolphin,2027,144900.0,BEV,CCS2,https://carregados.com.br/carros/byd-dolphin-gs-2027-cinza-0km-26584
mini,countryman se all4,2025,289990.0,BEV,CCS2,https://carregados.com.br/carros/mini-countryman-se-all4-2025-preto-5000km-26585
byd,dolphin plus,2025,159900.0,BEV,CCS2,https://carregados.com.br/carros/byd-dolphin-plus-2025-cinza-17800km-26592
byd,tang,2023,249790.0,BEV,CCS2,https://carregados.com.br/carros/byd-tang-awd-2023-cinza-19500km-26593
byd,dolphin mini,2025,104900.0,BEV,CCS2,https://carregados.com.br/carros/byd-dolphin-mini-plus-2025-preto-81377km-26594
geely,ex2,2026,149900.0,BEV,CCS2,https://carregados.com.br/carros/geely-ex2-max-2026-branco-0km-26602
byd,han,2025,349790.0,BEV,CCS2,https://carregados.com.br/carros/byd-han-2025-cinza-1000km-26605
byd,dolphin mini,2025,120900.0,BEV,CCS2,https://carregados.com.br/carros/byd-dolphin-mini-plus-2025-preto-40000km-26606
geely,ex2,2026,141900.0,BEV,CCS2,https://carregados.com.br/carros/geely-ex2-max-2026-prata-0km-26608
geely,ex2,2026,124990.0,BEV,CCS2,https://carregados.com.br/carros/geely-ex2-pro-2026-prata-0km-26609
byd,dolphin mini,2025,116900.0,BEV,CCS2,https://carregados.com.br/carros/byd-dolphin-mini-plus-2025-preto-0km-26500
byd,seal,2025,238900.0,BEV,CCS2,https://carregados.com.br/carros/byd-seal-2025-branco-29000km-26502
byd,seal,2025,221890.0,BEV,CCS2,https://carregados.com.br/carros/byd-seal-2025-branco-13500km-26505
byd,dolphin mini,2027,120900.0,BEV,CCS2,https://carregados.com.br/carros/byd-dolphin-mini-2027-branco-0km-26510
zeekr,x,2025,249800.0,BEV,CCS2,https://carregados.com.br/carros/zeekr-x-premium-2025-outra-22367km-26512
geely,ex2,2026,134900.0,BEV,CCS2,https://carregados.com.br/carros/geely-ex2-pro-2026-branco-0km-26516
zeekr,001,2025,389890.0,BEV,CCS2,https://carregados.com.br/carros/zeekr-001-flagship-awd-2025-azul-17000km-26517
volvo,ex30,2024,189900.0,BEV,CCS2,https://carregados.com.br/carros/volvo-ex30-core-2024-cinza-9098km-26520
byd,yuan plus,2026,219800.0,BEV,CCS2,https://carregados.com.br/carros/byd-yuan-plus-2026-branco-2000km-26522
geely,ex2,2026,135900.0,BEV,CCS2,https://carregados.com.br/carros/geely-ex2-pro-2026-cinza-302km-26525
byd,dolphin mini,2025,120900.0,BEV,CCS2,https://carregados.com.br/carros/byd-dolphin-mini-plus-2025-preto-41000km-26527
byd,dolphin mini,2027,120990.0,BEV,CCS2,https://carregados.com.br/carros/byd-dolphin-mini-2027-branco-0km-26530
byd,dolphin mini,2027,120990.0,BEV,CCS2,https://carregados.com.br/carros/byd-dolphin-mini-2027-azul-0km-26532
volvo,ex90,2025,269900.0,BEV,CCS2,https://carregados.com.br/carros/volvo-ex90-ultra-2025-preto-0km-26535
byd,dolphin,2024,124990.0,BEV,CCS2,https://carregados.com.br/carros/byd-dolphin-plus-2024-cinza-28000km-26538
bmw,ix,2022,299900.0,BEV,CCS2,https://carregados.com.br/carros/bmw-ix-xdrive40-2022-cinza-72000km-26540
geely,ex5,2026,225900.0,BEV,CCS2,https://carregados.com.br/carros/geely-ex5-max-2026-prata-0km-26542
geely,ex5,2026,199900.0,BEV,CCS2,https://carregados.com.br/carros/geely-ex5-pro-2026-cinza-0km-26543
byd,dolphin,2025,133900.0,BEV,CCS2,https://carregados.com.br/carros/byd-dolphin-gs-2025-outra-1933km-26463
chevrolet,equinox ev,2024,297900.0,BEV,CCS2,https://carregados.com.br/carros/chevrolet-equinox-ev-2024-preto-3000km-26466
gwm,ora 03,2024,124900.0,BEV,CCS2,https://carregados.com.br/carros/gwm-ora-03-skin-2024-preto-26000km-26469
byd,dolphin mini,2026,124900.0,BEV,CCS2,https://carregados.com.br/carros/byd-dolphin-mini-2026-preto-0km-26470
fiat,500e,2022,135899.0,BEV,CCS2,https://carregados.com.br/carros/fiat-500e-2022-branco-11423km-26471
byd,dolphin mini,2026,114890.0,BEV,CCS2,https://carregados.com.br/carros/byd-dolphin-mini-2026-branco-19501km-26473
byd,dolphin,2027,138570.0,BEV,CCS2,https://carregados.com.br/carros/byd-dolphin-gs-2027-preto-0km-26475
byd,dolphin mini,2025,110900.0,BEV,CCS2,https://carregados.com.br/carros/byd-dolphin-mini-plus-2025-preto-50000km-26479
mini,countryman se all4,2025,299990.0,BEV,CCS2,https://carregados.com.br/carros/mini-countryman-se-all4-2025-prata-15000km-26481
peugeot,e-2008,2023,124890.0,BEV,CCS2,https://carregados.com.br/carros/peugeot-e-2008-gt-2023-branco-52183km-26482
fiat,500e,2022,135900.0,BEV,CCS2,https://carregados.com.br/carros/fiat-500e-2022-branco-11423km-26485
mini,cooper se,2023,179900.0,BEV,CCS2,https://carregados.com.br/carros/mini-cooper-se-2023-prata-30000km-26487
byd,dolphin,2025,110000.0,BEV,CCS2,https://carregados.com.br/carros/byd-dolphin-gs-2025-cinza-10000km-26491
byd,seal,2024,223900.0,BEV,CCS2,https://carregados.com.br/carros/byd-seal-2024-azul-36000km-26494
geely,ex2,2026,141900.0,BEV,CCS2,https://carregados.com.br/carros/geely-ex2-max-2026-branco-0km-26434
mini,cooper se,2023,179899.0,BEV,CCS2,https://carregados.com.br/carros/mini-cooper-se-2023-prata-23000km-26418
byd,tang,2023,234906.0,BEV,CCS2,https://carregados.com.br/carros/byd-tang-awd-2023-cinza-4000km-26419
mini,countryman,2025,259990.0,BEV,CCS2,https://carregados.com.br/carros/mini-countryman-2025-verde-17477km-26422
byd,dolphin mini,2026,129990.0,BEV,CCS2,https://carregados.com.br/carros/byd-dolphin-mini-2026-azul-0km-26442
gwm,haval h6 phev flex,2024,205990.0,PHEV,CCS2,https://carregados.com.br/carros/gwm-haval-h6-phev-flex-phev19-flex-2024-azul-54341km-26443
mg motor,mg4 ev,2027,171990.0,BEV,CCS2,https://carregados.com.br/carros/mg-motor-mg4-ev-comfort-2027-preto-0km-26445
byd,dolphin,2027,174990.0,BEV,CCS2,https://carregados.com.br/carros/byd-dolphin-plus-2027-preto-0km-26448
byd,dolphin mini,2026,115900.0,BEV,CCS2,https://carregados.com.br/carros/byd-dolphin-mini-2026-branco-5000km-26449
chevrolet,captiva ev,2026,189990.0,BEV,CCS2,https://carregados.com.br/carros/chevrolet-captiva-ev-2026-branco-7000km-26451
byd,dolphin mini,2026,118900.0,BEV,CCS2,https://carregados.com.br/carros/byd-dolphin-mini-2026-preto-4500km-26456
byd,dolphin mini,2027,118990.0,BEV,CCS2,https://carregados.com.br/carros/byd-dolphin-mini-2027-azul-0km-26458
geely,ex2,2026,134999.0,BEV,CCS2,https://carregados.com.br/carros/geely-ex2-pro-2026-branco-0km-26401
byd,dolphin mini,2027,124900.0,BEV,CCS2,https://carregados.com.br/carros/byd-dolphin-mini-2027-5000km-26405
gwm,ora 03,2024,129990.0,BEV,CCS2,https://carregados.com.br/carros/gwm-ora-03-skin-2024-vermelho-50000km-26407
byd,dolphin,2027,139990.0,BEV,CCS2,https://carregados.com.br/carros/byd-dolphin-gs-2027-outra-0km-26410
byd,dolphin mini,2027,109990.0,BEV,CCS2,https://carregados.com.br/carros/byd-dolphin-mini-2027-branco-0km-26411
byd,dolphin mini,2025,888888.0,BEV,CCS2,https://carregados.com.br/carros/byd-dolphin-mini-plus-2025-branco-39000km-26382
byd,dolphin mini,2027,128900.0,BEV,CCS2,https://carregados.com.br/carros/byd-dolphin-mini-2027-preto-0km-26387
byd,dolphin mini,2025,117900.0,BEV,CCS2,https://carregados.com.br/carros/byd-dolphin-mini-plus-2025-branco-20000km-26389
byd,dolphin mini,2025,118900.0,BEV,CCS2,https://carregados.com.br/carros/byd-dolphin-mini-plus-2025-branco-0km-26390
bmw,i3,2022,151900.0,BEV,CCS2,https://carregados.com.br/carros/bmw-i3-s-2022-cinza-10000km-26392
zeekr,001,2025,420000.0,BEV,CCS2,https://carregados.com.br/carros/zeekr-001-flagship-awd-2025-preto-17300km-26393
byd,seal,2025,234000.0,BEV,CCS2,https://carregados.com.br/carros/byd-seal-2025-branco-3920km-26394
byd,dolphin,2027,127990.0,BEV,CCS2,https://carregados.com.br/carros/byd-dolphin-gs-2027-azul-0km-26395
bmw,i3,2022,149900.0,BEV,CCS2,https://carregados.com.br/carros/bmw-i3-s-2022-branco-46000km-26396
audi,e-tron,2022,242000.0,BEV,CCS2,https://carregados.com.br/carros/audi-e-tron-2022-preto-47632km-26349
byd,dolphin mini,2025,113900.0,BEV,CCS2,https://carregados.com.br/carros/byd-dolphin-mini-plus-2025-branco-31710km-26350
mercedes,eqb 250,2023,339950.0,BEV,CCS2,https://carregados.com.br/carros/mercedes-eqb-250-2023-azul-27865km-26355
mercedes,eqb 250,2023,339950.0,BEV,CCS2,https://carregados.com.br/carros/mercedes-eqb-250-2023-azul-27865km-26354
geely,ex2,2026,133900.0,BEV,CCS2,https://carregados.com.br/carros/geely-ex2-pro-2026-cinza-0km-26366
byd,dolphin mini,2027,119900.0,BEV,CCS2,https://carregados.com.br/carros/byd-dolphin-mini-2027-azul-0km-26368
byd,dolphin,2024,119900.0,BEV,CCS2,https://carregados.com.br/carros/byd-dolphin-plus-2024-preto-82000km-26371
toyota,rav4 prime,2027,317190.0,PHEV,Type 2,https://carregados.com.br/carros/toyota-rav4-prime-xse-2027-azul-0km-26377
chevrolet,captiva ev,2026,199960.0,BEV,CCS2,https://carregados.com.br/carros/chevrolet-captiva-ev-2026-cinza-0km-26379
byd,dolphin,2024,125990.0,BEV,CCS2,https://carregados.com.br/carros/byd-dolphin-plus-2024-preto-19198km-26298
volvo,ex30,2024,205900.0,BEV,CCS2,https://carregados.com.br/carros/volvo-ex30-core-2024-preto-19000km-26300
byd,dolphin,2027,143890.0,BEV,CCS2,https://carregados.com.br/carros/byd-dolphin-gs-2027-branco-0km-26303
byd,dolphin plus,2024,82700.0,BEV,CCS2,https://carregados.com.br/carros/byd-dolphin-plus-2024-branco-48000km-26304
byd,dolphin plus,2025,125000.0,BEV,CCS2,https://carregados.com.br/carros/byd-dolphin-plus-2025-preto-3000km-26306
byd,dolphin,2027,154990.0,BEV,CCS2,https://carregados.com.br/carros/byd-dolphin-gs-2027-cinza-0km-26308
porsche,taycan,2021,405000.0,BEV,CCS2,https://carregados.com.br/carros/porsche-taycan-turbo-2021-preto-29000km-26310
volvo,c40 recharge,2023,199990.0,BEV,CCS2,https://carregados.com.br/carros/volvo-c40-recharge-ultimate-2023-branco-70000km-26313
nissan,leaf,2022,99900.0,BEV,CHAdeMO,https://carregados.com.br/carros/nissan-leaf-s-2022-preto-83000km-26316
land rover,range rover velar plug-in hybrid,2023,479900.0,PHEV,Type 2,https://carregados.com.br/carros/land-rover-range-rover-velar-plug-in-hybrid-2023-cinza-38000km-26318
byd,dolphin mini,2027,124900.0,BEV,CCS2,https://carregados.com.br/carros/byd-dolphin-mini-2027-azul-0km-26319
byd,dolphin mini,2027,124900.0,BEV,CCS2,https://carregados.com.br/carros/byd-dolphin-mini-2027-preto-0km-26320
byd,seal,2024,209900.0,BEV,CCS2,https://carregados.com.br/carros/byd-seal-2024-cinza-57541km-26321
porsche,taycan,2022,499900.0,BEV,CCS2,https://carregados.com.br/carros/porsche-taycan-4s-2022-cinza-25000km-26323
byd,dolphin mini,2027,132900.0,BEV,CCS2,https://carregados.com.br/carros/byd-dolphin-mini-2027-0km-26324
volvo,ex30,2024,213990.0,BEV,CCS2,https://carregados.com.br/carros/volvo-ex30-core-2024-preto-13000km-26328
byd,dolphin mini,2027,129990.0,BEV,CCS2,https://carregados.com.br/carros/byd-dolphin-mini-2027-branco-0km-26330
zeekr,001,2025,389890.0,BEV,CCS2,https://carregados.com.br/carros/zeekr-001-flagship-awd-2025-azul-17000km-26336
byd,seal,2025,219900.0,BEV,CCS2,https://carregados.com.br/carros/byd-seal-2025-azul-129100km-26337
volvo,ex30,2024,208900.0,BEV,CCS2,https://carregados.com.br/carros/volvo-ex30-core-2024-preto-24052km-26339
byd,dolphin,2027,139900.0,BEV,CCS2,https://carregados.com.br/carros/byd-dolphin-2027-preto-0km-26340
byd,dolphin,2024,122000.0,BEV,CCS2,https://carregados.com.br/carros/byd-dolphin-plus-2024-preto-128000km-26253
volvo,xc40 recharge,2023,199900.0,BEV,CCS2,https://carregados.com.br/carros/volvo-xc40-recharge-plus-2023-azul-20000km-26265
nissan,leaf,2021,94990.0,BEV,CHAdeMO,https://carregados.com.br/carros/nissan-leaf-s-2021-branco-86000km-26268
byd,dolphin plus,2025,147800.0,BEV,CCS2,https://carregados.com.br/carros/byd-dolphin-plus-2025-cinza-36000km-26272
zeekr,7x,2026,439890.0,BEV,CCS2,https://carregados.com.br/carros/zeekr-7x-flagship-awd-2026-azul-2800km-26275
audi,e-tron,2022,289990.0,BEV,CCS2,https://carregados.com.br/carros/audi-e-tron-2022-preto-82000km-26277
jaguar,i-pace,2020,199900.0,BEV,CCS2,https://carregados.com.br/carros/jaguar-i-pace-2020-cinza-51000km-26278
gwm,ora 03,2024,144990.0,BEV,CCS2,https://carregados.com.br/carros/gwm-ora-03-gt-2024-preto-27000km-26279
byd,dolphin mini,2027,126990.0,BEV,CCS2,https://carregados.com.br/carros/byd-dolphin-mini-2027-branco-0km-26280
chery,eq1,2023,82990.0,BEV,CCS2,https://carregados.com.br/carros/chery-eq1-2023-branco-38000km-26281
byd,dolphin,2027,159990.0,BEV,CCS2,https://carregados.com.br/carros/byd-dolphin-2027-preto-0km-26283
byd,dolphin plus,2025,155900.0,BEV,CCS2,https://carregados.com.br/carros/byd-dolphin-plus-2025-cinza-18000km-26286
geely,ex2,2026,134990.0,BEV,CCS2,https://carregados.com.br/carros/geely-ex2-pro-2026-branco-0km-26287
gwm,haval h6 plug-in hybrid,2025,298900.0,HEV,N/A,https://carregados.com.br/carros/gwm-haval-h6-plug-in-hybrid-19-2025-branco-13026km-26288
byd,dolphin mini,2024,107900.0,BEV,CCS2,https://carregados.com.br/carros/byd-dolphin-mini-2024-branco-20000km-26289
byd,dolphin mini,2025,107490.0,BEV,CCS2,https://carregados.com.br/carros/byd-dolphin-mini-plus-2025-preto-38300km-26226
byd,yuan pro,2027,182990.0,BEV,CCS2,https://carregados.com.br/carros/byd-yuan-pro-2027-preto-0km-26227
gwm,ora 03,2024,129999.0,BEV,CCS2,https://carregados.com.br/carros/gwm-ora-03-skin-2024-preto-0km-26229
zeekr,7x,2026,439890.0,BEV,CCS2,https://carregados.com.br/carros/zeekr-7x-flagship-awd-2026-azul-2800km-26241
byd,song pro dm-i plug-in hybrid,2026,179900.0,PHEV,CCS2,https://carregados.com.br/carros/byd-song-pro-dm-i-plug-in-hybrid-gs-2026-branco-10590km-26245
leapmotor,b10,2026,182990.0,BEV,CCS2,https://carregados.com.br/carros/leapmotor-b10-2026-cinza-0km-26246
byd,song plus,2025,186900.0,BEV,CCS2,https://carregados.com.br/carros/byd-song-plus-2025-branco-44516km-26217
jaecoo,7 shs-p,2026,219800.0,BEV,CCS2,https://carregados.com.br/carros/jaecoo-7-shs-p-prestige-2026-branco-15900km-26221
byd,yuan plus,2026,269990.0,BEV,CCS2,https://carregados.com.br/carros/byd-yuan-plus-2026-azul-0km-26210
byd,yuan pro,2026,182990.0,BEV,CCS2,https://carregados.com.br/carros/byd-yuan-pro-2026-cinza-0km-26211
byd,dolphin plus,2025,147900.0,BEV,CCS2,https://carregados.com.br/carros/byd-dolphin-plus-2025-cinza-36600km-26200
byd,dolphin,2026,146900.0,BEV,CCS2,https://carregados.com.br/carros/byd-dolphin-2026-branco-22052km-26149
porsche,taycan,2021,590000.0,BEV,CCS2,https://carregados.com.br/carros/porsche-taycan-turbo-s-2021-vermelho-19000km-26158
byd,dolphin plus,2025,149908.0,BEV,CCS2,https://carregados.com.br/carros/byd-dolphin-plus-2025-cinza-37000km-26161
gac,aion ut,2027,146990.0,BEV,CCS2,https://carregados.com.br/carros/gac-aion-ut-premium-2027-prata-0km-26163
byd,dolphin,2024,106500.0,BEV,CCS2,https://carregados.com.br/carros/byd-dolphin-plus-2024-preto-158000km-26165
byd,dolphin mini,2025,105990.0,BEV,CCS2,https://carregados.com.br/carros/byd-dolphin-mini-plus-2025-branco-42000km-26166
byd,dolphin,2027,154990.0,BEV,CCS2,https://carregados.com.br/carros/byd-dolphin-gs-2027-branco-0km-26167
byd,dolphin mini,2027,122000.0,BEV,CCS2,https://carregados.com.br/carros/byd-dolphin-mini-2027-azul-0km-26169
gac,aion v,2027,219990.0,BEV,CCS2,https://carregados.com.br/carros/gac-aion-v-elite-2027-cinza-0km-26171
gac,aion ut,2026,159990.0,BEV,CCS2,https://carregados.com.br/carros/gac-aion-ut-elite-2026-branco-0km-26172
renault,megane e-tech electric,2024,169900.0,BEV,CCS2,https://carregados.com.br/carros/renault-megane-e-tech-electric-equilibre-2024-azul-12000km-26175
byd,dolphin mini,2027,129900.0,BEV,CCS2,https://carregados.com.br/carros/byd-dolphin-mini-2027-branco-0km-26179
byd,tang,2023,249890.0,BEV,CCS2,https://carregados.com.br/carros/byd-tang-awd-2023-cinza-19000km-26188
byd,seal,2025,229900.0,BEV,CCS2,https://carregados.com.br/carros/byd-seal-2025-preto-2000km-26191
denza,b5,2027,469900.0,BEV,CCS2,https://carregados.com.br/carros/denza-b5-gs-dm-2027-outra-0km-26080
jac,e-js1,2023,73900.0,BEV,GB/T,https://carregados.com.br/carros/jac-e-js1-2023-vermelho-110000km-26083
land rover,range rover sport plug-in hybrid,2024,1099900.0,PHEV,Type 2,https://carregados.com.br/carros/land-rover-range-rover-sport-plug-in-hybrid-autobiography-2024-cinza-18500km-26085
byd,t3,2027,339990.0,BEV,CCS2,https://carregados.com.br/carros/byd-t3-2027-prata-0km-26093
byd,dolphin mini,2025,103890.0,BEV,CCS2,https://carregados.com.br/carros/byd-dolphin-mini-plus-2025-verde-71000km-26098
gwm,ora 03,2024,138800.0,BEV,CCS2,https://carregados.com.br/carros/gwm-ora-03-skin-2024-azul-8900km-26099
byd,dolphin,2027,109990.0,BEV,CCS2,https://carregados.com.br/carros/byd-dolphin-2027-azul-0km-26100
byd,dolphin,2026,134900.0,BEV,CCS2,https://carregados.com.br/carros/byd-dolphin-2026-cinza-12000km-26106
byd,dolphin mini,2027,127900.0,BEV,CCS2,https://carregados.com.br/carros/byd-dolphin-mini-2027-branco-0km-26115
byd,dolphin,2027,130000.0,BEV,CCS2,https://carregados.com.br/carros/byd-dolphin-gs-2027-azul-0km-26119
byd,dolphin,2024,126900.0,BEV,CCS2,https://carregados.com.br/carros/byd-dolphin-plus-2024-cinza-70000km-26121
byd,dolphin mini,2027,128901.0,BEV,CCS2,https://carregados.com.br/carros/byd-dolphin-mini-2027-azul-0km-26126
byd,dolphin mini,2025,108990.0,BEV,CCS2,https://carregados.com.br/carros/byd-dolphin-mini-plus-2025-branco-100000km-26139
byd,seal,2025,232990.0,BEV,CCS2,https://carregados.com.br/carros/byd-seal-2025-azul-5430km-26142
byd,dolphin mini,2025,79900.0,BEV,CCS2,https://carregados.com.br/carros/byd-dolphin-mini-plus-2025-preto-60000km-26038
byd,dolphin,2027,129990.0,BEV,CCS2,https://carregados.com.br/carros/byd-dolphin-gs-2027-branco-0km-26039
chery,eq1,2023,82990.0,BEV,CCS2,https://carregados.com.br/carros/chery-eq1-2023-branco-64000km-26049
byd,seal,2027,279900.0,BEV,CCS2,https://carregados.com.br/carros/byd-seal-2027-cinza-0km-26052
byd,dolphin plus,2025,100800.0,BEV,CCS2,https://carregados.com.br/carros/byd-dolphin-plus-2025-outra-0km-26056
omoda,e5,2026,179900.0,BEV,CCS2,https://carregados.com.br/carros/omoda-e5-2026-cinza-13610km-26057
byd,dolphin mini,2026,115800.0,BEV,CCS2,https://carregados.com.br/carros/byd-dolphin-mini-2026-branco-25000km-26061
volkswagen,golf gte,2020,166900.0,BEV,CCS2,https://carregados.com.br/carros/volkswagen-golf-gte-2020-azul-50000km-26062
byd,dolphin mini,2025,105890.0,BEV,CCS2,https://carregados.com.br/carros/byd-dolphin-mini-plus-2025-verde-68000km-26066
byd,dolphin mini,2025,112000.0,BEV,CCS2,https://carregados.com.br/carros/byd-dolphin-mini-plus-2025-branco-50000km-26067
byd,king,2025,110000.0,PHEV,CCS2,https://carregados.com.br/carros/byd-king-2025-prata-0km-26068
chevrolet,captiva ev,2026,199990.0,BEV,CCS2,https://carregados.com.br/carros/chevrolet-captiva-ev-2026-azul-0km-26070
byd,tang,2023,249890.0,BEV,CCS2,https://carregados.com.br/carros/byd-tang-awd-2023-cinza-19500km-26071
byd,yuan pro,2026,182990.0,BEV,CCS2,https://carregados.com.br/carros/byd-yuan-pro-2026-preto-0km-26075
byd,yuan pro,2026,182990.0,BEV,CCS2,https://carregados.com.br/carros/byd-yuan-pro-2026-preto-0km-26077
geely,ex2,2026,148900.0,BEV,CCS2,https://carregados.com.br/carros/geely-ex2-max-2026-prata-0km-25999
byd,dolphin,2024,134990.0,BEV,CCS2,https://carregados.com.br/carros/byd-dolphin-plus-2024-amarelo-50670km-26001
byd,dolphin,2027,169990.0,BEV,CCS2,https://carregados.com.br/carros/byd-dolphin-plus-2027-branco-1280km-26002
gac,aion ut,2027,160000.0,BEV,CCS2,https://carregados.com.br/carros/gac-aion-ut-elite-2027-prata-0km-26007
denza,b5,2027,469990.0,BEV,CCS2,https://carregados.com.br/carros/denza-b5-gs-dm-2027-cinza-0km-26012
mg motor,mg s5,2026,204990.0,BEV,CCS2,https://carregados.com.br/carros/mg-motor-mg-s5-luxury-rwd-62kwh-2026-prata-8667km-26015
denza,b5,2027,469000.0,BEV,CCS2,https://carregados.com.br/carros/denza-b5-gs-dm-2027-preto-0km-26027
byd,dolphin,2025,86000.0,BEV,CCS2,https://carregados.com.br/carros/byd-dolphin-gs-2025-branco-0km-26028
byd,dolphin mini,2027,129900.0,BEV,CCS2,https://carregados.com.br/carros/byd-dolphin-mini-2027-azul-0km-26030
toyota,rav4 prime,2024,269990.0,PHEV,Type 2,https://carregados.com.br/carros/toyota-rav4-prime-xse-2024-branco-24885km-26034
chevrolet,equinox ev,2024,279900.0,BEV,CCS2,https://carregados.com.br/carros/chevrolet-equinox-ev-2024-preto-3000km-26035
byd,dolphin mini,2027,114850.0,BEV,CCS2,https://carregados.com.br/carros/byd-dolphin-mini-2027-azul-1900km-25933
gwm,ora 03,2024,119900.0,BEV,CCS2,https://carregados.com.br/carros/gwm-ora-03-skin-2024-branco-45500km-25940
byd,dolphin mini,2025,103900.0,BEV,CCS2,https://carregados.com.br/carros/byd-dolphin-mini-plus-2025-branco-46000km-25947
gac,aion ut,2027,142900.0,BEV,CCS2,https://carregados.com.br/carros/gac-aion-ut-premium-2027-prata-0km-25957
byd,dolphin,2027,129990.0,BEV,CCS2,https://carregados.com.br/carros/byd-dolphin-gs-2027-branco-0km-25958
byd,dolphin mini,2026,117900.0,BEV,CCS2,https://carregados.com.br/carros/byd-dolphin-mini-2026-branco-0km-25960
mini,cooper se,2023,139950.0,BEV,CCS2,https://carregados.com.br/carros/mini-cooper-se-2023-preto-27694km-25963
volvo,xc40 recharge,2022,189900.0,BEV,CCS2,https://carregados.com.br/carros/volvo-xc40-recharge-ultimate-2022-vermelho-66000km-25968
byd,dolphin mini,2026,118900.0,BEV,CCS2,https://carregados.com.br/carros/byd-dolphin-mini-2026-azul-9000km-25969
geely,ex2,2026,147000.0,BEV,CCS2,https://carregados.com.br/carros/geely-ex2-max-2026-branco-0km-25970
gwm,ora 03,2024,149800.0,BEV,CCS2,https://carregados.com.br/carros/gwm-ora-03-gt-2024-branco-15000km-25975
volvo,xc60 plug-in hybrid,2024,340990.0,PHEV,Type 2,https://carregados.com.br/carros/volvo-xc60-plug-in-hybrid-plus-t8-awd-2024-prata-30199km-25883
byd,dolphin mini,2027,125990.0,BEV,CCS2,https://carregados.com.br/carros/byd-dolphin-mini-2027-azul-0km-25884
byd,yuan pro,2026,167900.0,BEV,CCS2,https://carregados.com.br/carros/byd-yuan-pro-2026-branco-2829km-25888
omoda,7 shs-p,2026,174900.0,BEV,CCS2,https://carregados.com.br/carros/omoda-7-shs-prestige-2026-preto-8300km-25890
byd,seal,2024,214900.0,BEV,CCS2,https://carregados.com.br/carros/byd-seal-2024-branco-35000km-25893
gwm,ora 03,2024,149900.0,BEV,CCS2,https://carregados.com.br/carros/gwm-ora-03-gt-2024-cinza-5340km-25894
omoda,e5,2026,169900.0,BEV,CCS2,https://carregados.com.br/carros/omoda-e5-2026-preto-22436km-25900
zeekr,001,2025,429897.0,BEV,CCS2,https://carregados.com.br/carros/%2Fzeekr-001-flagship-awd-2025-cinza-1107km-25902
mercedes,eqc400,2026,335000.0,BEV,CCS2,https://carregados.com.br/carros/mercedes-eqc400-amg-line-2026-preto-1000km-25903
geely,ex2,2026,123790.0,BEV,CCS2,https://carregados.com.br/carros/geely-ex2-pro-2026-outra-0km-25907
byd,dolphin,2024,174897.0,BEV,CCS2,https://carregados.com.br/carros/byd-dolphin-plus-2024-preto-26007km-25909
byd,tang,2023,249780.0,BEV,CCS2,https://carregados.com.br/carros/byd-tang-awd-2023-cinza-19000km-25910
jac,e-js1,2026,114900.0,BEV,GB/T,https://carregados.com.br/carros/jac-e-js1-2026-branco-16600km-25912
byd,dolphin,2027,153900.0,BEV,CCS2,https://carregados.com.br/carros/byd-dolphin-gs-2027-cinza-0km-25919
gwm,ora 03,2024,122900.0,BEV,CCS2,https://carregados.com.br/carros/gwm-ora-03-skin-2024-branco-15000km-25924
byd,dolphin mini,2025,109900.0,BEV,CCS2,https://carregados.com.br/carros/byd-dolphin-mini-plus-2025-branco-88806km-25925
byd,dolphin mini,2025,121900.0,BEV,CCS2,https://carregados.com.br/carros/byd-dolphin-mini-plus-2025-verde-5000km-25847
volvo,ex40,2024,243800.0,BEV,CCS2,https://carregados.com.br/carros/volvo-ex40-plus-2024-preto-33900km-25853
byd,dolphin mini,2027,109990.0,BEV,CCS2,https://carregados.com.br/carros/byd-dolphin-mini-2027-branco-0km-25855
byd,dolphin,2024,134900.0,BEV,CCS2,https://carregados.com.br/carros/byd-dolphin-plus-2024-amarelo-31510km-25867
gwm,ora 03,2024,154990.0,BEV,CCS2,https://carregados.com.br/carros/gwm-ora-03-gt-2024-branco-23470km-25872
geely,ex2,2026,134990.0,BEV,CCS2,https://carregados.com.br/carros/geely-ex2-pro-2026-prata-0km-25874
chevrolet,spark euv,2026,137990.0,BEV,CCS2,https://carregados.com.br/carros/chevrolet-spark-euv-2026-azul-16000km-25875
byd,dolphin,2027,174990.0,BEV,CCS2,https://carregados.com.br/carros/byd-dolphin-plus-2027-branco-0km-25876
geely,ex2,2026,134900.0,BEV,CCS2,https://carregados.com.br/carros/geely-ex2-pro-2026-branco-0km-25818
byd,dolphin mini,2027,123900.0,BEV,CCS2,https://carregados.com.br/carros/byd-dolphin-mini-2027-branco-100km-25819
byd,dolphin,2027,153890.0,BEV,CCS2,https://carregados.com.br/carros/byd-dolphin-gs-2027-preto-0km-25823
byd,seal,2025,222900.0,BEV,CCS2,https://carregados.com.br/carros/byd-seal-2025-cinza-32000km-25827
byd,yuan plus,2025,156900.0,BEV,CCS2,https://carregados.com.br/carros/byd-yuan-plus-gl-2025-azul-30000km-25832
chevrolet,equinox ev,2024,279990.0,BEV,CCS2,https://carregados.com.br/carros/chevrolet-equinox-ev-2024-branco-9335km-25790
byd,seal,2024,215700.0,BEV,CCS2,https://carregados.com.br/carros/byd-seal-2024-cinza-44800km-25796
geely,ex2,2026,147990.0,BEV,CCS2,https://carregados.com.br/carros/geely-ex2-max-2026-prata-82km-25804
geely,ex2,2026,134990.0,BEV,CCS2,https://carregados.com.br/carros/geely-ex2-pro-2026-branco-0km-25808
porsche,taycan,2023,559700.0,BEV,CCS2,https://carregados.com.br/carros/porsche-taycan-4s-cross-turismo-2023-branco-10403km-25732
byd,e2,2023,163790.0,BEV,CCS2,https://carregados.com.br/carros/byd-e2-2023-branco-11154km-25741
byd,dolphin,2027,149900.0,BEV,CCS2,https://carregados.com.br/carros/byd-dolphin-2027-preto-0km-25749
nissan,leaf,2023,109900.0,BEV,CHAdeMO,https://carregados.com.br/carros/nissan-leaf-s-2023-preto-38000km-25756
gac,hyptec ht,2026,328790.0,BEV,CCS2,https://carregados.com.br/carros/gac-hyptec-ht-ultra-2026-preto-112km-25684
toyota,rav4 prime,2026,349290.0,PHEV,Type 2,https://carregados.com.br/carros/toyota-rav4-prime-xse-2026-preto-0km-25685
byd,dolphin mini,2026,119999.0,BEV,CCS2,https://carregados.com.br/carros/byd-dolphin-mini-2026-azul-0km-25688
byd,dolphin,2024,110000.0,BEV,CCS2,https://carregados.com.br/carros/byd-dolphin-plus-2024-preto-30000km-25716
gwm,haval h6 plug-in hybrid,2024,194900.0,HEV,N/A,https://carregados.com.br/carros/gwm-haval-h6-plug-in-hybrid-premium-2024-cinza-45000km-25718
byd,dolphin mini,2027,125900.0,BEV,CCS2,https://carregados.com.br/carros/byd-dolphin-mini-2027-branco-0km-25720
gwm,ora 03,2024,149900.0,BEV,CCS2,https://carregados.com.br/carros/gwm-ora-03-gt-2024-preto-18000km-25724
geely,ex2,2026,134900.0,BEV,CCS2,https://carregados.com.br/carros/geely-ex2-pro-2026-branco-0km-25727
byd,dolphin mini,2024,107790.0,BEV,CCS2,https://carregados.com.br/carros/byd-dolphin-mini-2024-branco-57780km-25612
bmw,ix,2024,649900.0,BEV,CCS2,https://carregados.com.br/carros/bmw-ix-2024-preto-16100km-25613
byd,dolphin,2027,159900.0,BEV,CCS2,https://carregados.com.br/carros/byd-dolphin-2027-preto-0km-25618
byd,dolphin mini,2025,119900.0,BEV,CCS2,https://carregados.com.br/carros/byd-dolphin-mini-plus-2025-branco-21000km-25621
ford,mustang mach-e,2023,309900.0,BEV,CCS2,https://carregados.com.br/carros/ford-mustang-mach-e-gt-awd-2023-azul-20420km-25669
byd,dolphin mini,2027,126990.0,BEV,CCS2,https://carregados.com.br/carros/byd-dolphin-mini-2027-branco-0km-25673
renault,kwid e-tech electric,2024,85900.0,BEV,CCS2,https://carregados.com.br/carros/renault-kwid-e-tech-electric-rxl-2024-branco-16900km-25679
byd,dolphin,2027,142900.0,BEV,CCS2,https://carregados.com.br/carros/byd-dolphin-gs-2027-preto-0km-25681
byd,yuan plus,2025,169900.0,BEV,CCS2,https://carregados.com.br/carros/byd-yuan-plus-gl-2025-azul-39000km-25682
byd,dolphin mini,2027,134900.0,BEV,CCS2,https://carregados.com.br/carros/byd-dolphin-mini-2027-branco-0km-25572
audi,e-tron,2020,265900.0,BEV,CCS2,https://carregados.com.br/carros/audi-e-tron-premium-2020-preto-46028km-25601
mini,cooper se,2026,325990.0,BEV,CCS2,https://carregados.com.br/carros/mini-cooper-se-2026-preto-0km-25534
ford,mustang mach-e,2023,299900.0,BEV,CCS2,https://carregados.com.br/carros/ford-mustang-mach-e-gt-awd-2023-azul-16368km-25544
byd,yuan pro,2025,162999.0,BEV,CCS2,https://carregados.com.br/carros/byd-yuan-pro-gs-2025-azul-11000km-25546
volvo,xc40 recharge,2024,225000.0,BEV,CCS2,https://carregados.com.br/carros/volvo-xc40-recharge-plus-2024-prata-41000km-25551
byd,tang,2023,249890.0,BEV,CCS2,https://carregados.com.br/carros/byd-tang-awd-2023-cinza-19500km-25554
volvo,xc40 recharge plug-in hybrid,2022,188900.0,BEV,CCS2,https://carregados.com.br/carros/volvo-xc40-recharge-plug-in-hybrid-inscription-expression-2022-azul-51608km-25563
leapmotor,c10,2026,204900.0,BEV,CCS2,https://carregados.com.br/carros/leapmotor-c10-bev-2026-cinza-0km-25487
byd,dolphin,2026,134900.0,BEV,CCS2,https://carregados.com.br/carros/byd-dolphin-2026-cinza-15000km-25491
byd,dolphin mini,2026,99990.0,BEV,CCS2,https://carregados.com.br/carros/byd-dolphin-mini-2026-branco-0km-25496
byd,dolphin mini,2027,128900.0,BEV,CCS2,https://carregados.com.br/carros/byd-dolphin-mini-2027-azul-0km-25497
gwm,ora 03,2024,139900.0,BEV,CCS2,https://carregados.com.br/carros/gwm-ora-03-gt-2024-branco-57000km-25499
byd,dolphin mini,2027,135900.0,BEV,CCS2,https://carregados.com.br/carros/byd-dolphin-mini-2027-preto-0km-25509
porsche,taycan,2026,949000.0,BEV,CCS2,https://carregados.com.br/carros/porsche-taycan-4s-cross-turismo-2026-preto-4500km-25446
byd,dolphin plus,2024,136900.0,BEV,CCS2,https://carregados.com.br/carros/byd-dolphin-plus-2024-cinza-37200km-25448
byd,dolphin,2027,153900.0,BEV,CCS2,https://carregados.com.br/carros/byd-dolphin-gs-2027-branco-0km-25450
byd,yuan pro,2026,174900.0,BEV,CCS2,https://carregados.com.br/carros/byd-yuan-pro-2026-branco-2716km-25461
byd,yuan pro,2026,169900.0,BEV,CCS2,https://carregados.com.br/carros/byd-yuan-pro-2026-branco-2700km-25471
mercedes,eqs amg 53 4matic+,2022,799000.0,BEV,CCS2,https://carregados.com.br/carros/mercedes-eqs-amg-53-4matic-2022-preto-15000km-25433
byd,dolphin mini,2027,119990.0,BEV,CCS2,https://carregados.com.br/carros/byd-dolphin-mini-2027-preto-0km-25440
byd,dolphin,2024,184890.0,BEV,CCS2,https://carregados.com.br/carros/byd-dolphin-plus-2024-preto-25900km-25368
leapmotor,c10,2026,202990.0,BEV,CCS2,https://carregados.com.br/carros/leapmotor-c10-bev-2026-outra-0km-25373
gwm,ora 03,2024,134990.0,BEV,CCS2,https://carregados.com.br/carros/gwm-ora-03-skin-2024-azul-16000km-25381
byd,dolphin mini,2027,119900.0,BEV,CCS2,https://carregados.com.br/carros/byd-dolphin-mini-2027-preto-0km-25389
gwm,ora 03,2024,157990.0,BEV,CCS2,https://carregados.com.br/carros/gwm-ora-03-gt-2024-branco-18080km-25395
byd,dolphin plus,2025,159990.0,BEV,CCS2,https://carregados.com.br/carros/byd-dolphin-plus-2025-cinza-53168km-25396
byd,dolphin plus,2025,142554.0,BEV,CCS2,https://carregados.com.br/carros/byd-dolphin-plus-2025-branco-27500km-25408
byd,dolphin mini,2027,135000.0,BEV,CCS2,https://carregados.com.br/carros/byd-dolphin-mini-2027-azul-0km-25410
byd,dolphin mini,2026,109990.0,BEV,CCS2,https://carregados.com.br/carros/byd-dolphin-mini-2026-0km-25412
byd,song plus,2025,194900.0,BEV,CCS2,https://carregados.com.br/carros/byd-song-plus-2025-azul-17895km-25418
byd,seal,2024,224900.0,BEV,CCS2,https://carregados.com.br/carros/byd-seal-2024-preto-20000km-25420
peugeot,e-2008,2026,145900.0,BEV,CCS2,https://carregados.com.br/carros/peugeot-e-2008-gt-2026-branco-7980km-25426
peugeot,e-2008,2026,145900.0,BEV,CCS2,https://carregados.com.br/carros/peugeot-e-2008-gt-2026-branco-7980km-25425
byd,dolphin plus,2025,164900.0,BEV,CCS2,https://carregados.com.br/carros/byd-dolphin-plus-2025-cinza-21000km-25305
bmw,ix edrive20,2025,299990.0,BEV,CCS2,https://carregados.com.br/carros/bmw-ix-edrive20-2025-verde-14000km-25308
byd,dolphin mini,2027,130000.0,BEV,CCS2,https://carregados.com.br/carros/byd-dolphin-mini-2027-azul-0km-25309
chevrolet,spark euv,2026,135900.0,BEV,CCS2,https://carregados.com.br/carros/chevrolet-spark-euv-2026-cinza-0km-25310
byd,dolphin,2027,135990.0,BEV,CCS2,https://carregados.com.br/carros/byd-dolphin-2027-azul-0km-25311
byd,dolphin mini,2027,120900.0,BEV,CCS2,https://carregados.com.br/carros/byd-dolphin-mini-2027-azul-0km-25322
byd,dolphin mini,2027,129900.0,BEV,CCS2,https://carregados.com.br/carros/byd-dolphin-mini-2027-branco-0km-25327
byd,dolphin mini,2027,126990.0,BEV,CCS2,https://carregados.com.br/carros/%2Fbyd-dolphin-mini-2027-branco-0km-25334
mini,cooper se,2023,144900.0,BEV,CCS2,https://carregados.com.br/carros/mini-cooper-se-2023-cinza-23470km-25336
byd,dolphin mini,2027,125900.0,BEV,CCS2,https://carregados.com.br/carros/byd-dolphin-mini-2027-preto-0km-25338
byd,dolphin mini,2025,107990.0,BEV,CCS2,https://carregados.com.br/carros/byd-dolphin-mini-plus-2025-branco-18000km-25348
byd,t3,2027,339990.0,BEV,CCS2,https://carregados.com.br/carros/byd-t3-2027-preto-0km-25349
bmw,ix1,2026,383950.0,BEV,CCS2,https://carregados.com.br/carros/bmw-ix1-2026-prata-0km-25247
leapmotor,b10,2026,182900.0,BEV,CCS2,https://carregados.com.br/carros/leapmotor-b10-2026-preto-0km-25252
mini,cooper se,2024,193990.0,BEV,CCS2,https://carregados.com.br/carros/mini-cooper-se-2024-azul-4850km-25259
byd,song pro dm-i plug-in hybrid,2026,197990.0,PHEV,CCS2,https://carregados.com.br/carros/byd-song-pro-dm-i-plug-in-hybrid-gs-2026-azul-0km-25263
byd,dolphin,2027,123900.0,BEV,CCS2,https://carregados.com.br/carros/byd-dolphin-2027-branco-0km-25270
geely,ex2,2026,148900.0,BEV,CCS2,https://carregados.com.br/carros/geely-ex2-max-2026-branco-0km-25278
byd,dolphin,2027,174990.0,BEV,CCS2,https://carregados.com.br/carros/byd-dolphin-plus-2027-preto-0km-25282
byd,dolphin,2026,144990.0,BEV,CCS2,https://carregados.com.br/carros/byd-dolphin-2026-cinza-21132km-25283
byd,dolphin,2025,129990.0,BEV,CCS2,https://carregados.com.br/carros/byd-dolphin-gs-2025-cinza-27861km-25289
mini,aceman,2026,275990.0,BEV,CCS2,https://carregados.com.br/carros/mini-aceman-2026-cinza-0km-25293
byd,dolphin,2027,164990.0,BEV,CCS2,https://carregados.com.br/carros/byd-dolphin-plus-2027-azul-0km-25294
byd,song plus,2024,172900.0,BEV,CCS2,https://carregados.com.br/carros/byd-song-plus-2024-azul-34000km-25222
byd,dolphin,2024,134990.0,BEV,CCS2,https://carregados.com.br/carros/byd-dolphin-plus-2024-preto-45660km-25214
nissan,leaf,2023,109900.0,BEV,CHAdeMO,https://carregados.com.br/carros/nissan-leaf-s-2023-preto-38000km-25194
kia,niro ev,2024,199900.0,BEV,CCS2,https://carregados.com.br/carros/kia-niro-ev-2024-preto-78000km-25172
mini,cooper se,2026,359990.0,BEV,CCS2,https://carregados.com.br/carros/mini-cooper-se-2026-cinza-0km-25151
geely,ex2,2026,134990.0,BEV,CCS2,https://carregados.com.br/carros/geely-ex2-2026-cinza-0km-25021
byd,dolphin,2026,149900.0,BEV,CCS2,https://carregados.com.br/carros/byd-dolphin-2026-cinza-8713km-25022
geely,ex2,2026,147990.0,BEV,CCS2,https://carregados.com.br/carros/geely-ex2-2026-cinza-0km-25023
byd,dolphin mini,2026,122990.0,BEV,CCS2,https://carregados.com.br/carros/byd-dolphin-mini-2026-preto-400km-25035
bmw,ix1,2026,374000.0,BEV,CCS2,https://carregados.com.br/carros/bmw-ix1-2026-prata-3777km-25041
byd,dolphin mini,2026,110000.0,BEV,CCS2,https://carregados.com.br/carros/byd-dolphin-mini-2026-branco-64500km-25046
byd,dolphin mini,2027,130000.0,BEV,CCS2,https://carregados.com.br/carros/byd-dolphin-mini-2027-branco-0km-25057
byd,dolphin mini,2027,129900.0,BEV,CCS2,https://carregados.com.br/carros/byd-dolphin-mini-2027-branco-0km-25058
byd,yuan plus,2024,166900.0,BEV,CCS2,https://carregados.com.br/carros/byd-yuan-plus-2024-azul-51000km-25069
byd,dolphin mini,2027,124900.0,BEV,CCS2,https://carregados.com.br/carros/byd-dolphin-mini-2027-azul-0km-25002
byd,dolphin mini,2027,125990.0,BEV,CCS2,https://carregados.com.br/carros/byd-dolphin-mini-2027-branco-0km-25003
geely,ex2,2026,134490.0,BEV,CCS2,https://carregados.com.br/carros/geely-ex2-2026-branco-100km-25075
volvo,ex30,2024,179900.0,BEV,CCS2,https://carregados.com.br/carros/volvo-ex30-core-2024-preto-30000km-24918
byd,dolphin,2024,134900.0,BEV,CCS2,https://carregados.com.br/carros/byd-dolphin-plus-2024-cinza-46720km-24945
geely,ex2,2026,148990.0,BEV,CCS2,https://carregados.com.br/carros/geely-ex2-2026-cinza-0km-24950
geely,ex2,2026,148900.0,BEV,CCS2,https://carregados.com.br/carros/geely-ex2-2026-cinza-0km-24961
byd,dolphin mini,2025,115990.0,BEV,CCS2,https://carregados.com.br/carros/byd-dolphin-mini-plus-2025-outra-18500km-24963
byd,dolphin mini,2026,119990.0,BEV,CCS2,https://carregados.com.br/carros/byd-dolphin-mini-2026-branco-25260km-24965
byd,dolphin,2027,149990.0,BEV,CCS2,https://carregados.com.br/carros/byd-dolphin-2027-preto-0km-24968
byd,dolphin mini,2027,128900.0,BEV,CCS2,https://carregados.com.br/carros/byd-dolphin-mini-2027-preto-0km-24970
chevrolet,equinox ev,2024,453190.0,BEV,CCS2,https://carregados.com.br/carros/chevrolet-equinox-ev-2024-prata-0km-24825
toyota,bz4x,2025,299900.0,BEV,CCS2,https://carregados.com.br/carros/toyota-bz4x-2025-branco-6741km-24828
gwm,ora 03,2026,159990.0,BEV,CCS2,https://carregados.com.br/carros/gwm-ora-03-gt-2026-branco-0km-24848
chevrolet,blazer ev,2024,339000.0,BEV,CCS2,https://carregados.com.br/carros/chevrolet-blazer-ev-2024-preto-33196km-24798
porsche,cayenne e-hybrid,2025,799900.0,PHEV,Type 2,https://carregados.com.br/carros/porsche-cayenne-e-hybrid-coupe-2025-prata-4000km-24775
byd,dolphin,2024,129900.0,BEV,CCS2,https://carregados.com.br/carros/byd-dolphin-plus-2024-cinza-18000km-24746
leapmotor,b10,2026,182990.0,BEV,CCS2,https://carregados.com.br/carros/leapmotor-b10-2026-outra-0km-24748
volvo,ex30,2024,224900.0,BEV,CCS2,https://carregados.com.br/carros/volvo-ex30-core-2024-branco-24000km-24700
volvo,ex30,2024,181900.0,BEV,CCS2,https://carregados.com.br/carros/volvo-ex30-core-2024-cinza-39900km-24717
zeekr,x,2025,259900.0,BEV,CCS2,https://carregados.com.br/carros/zeekr-x-flagship-2025-verde-11283km-24722
volvo,c40 recharge,2023,254900.0,BEV,CCS2,https://carregados.com.br/carros/volvo-c40-recharge-ultimate-2023-branco-20000km-24696
gwm,ora 03,2024,121900.0,BEV,CCS2,https://carregados.com.br/carros/gwm-ora-03-skin-2024-azul-28000km-24633
bmw,i3,2022,169900.0,BEV,CCS2,https://carregados.com.br/carros/bmw-i3-s-2022-cinza-25675km-24644
gac aion,hyptec ht,2026,328800.0,BEV,CCS2,https://carregados.com.br/carros/gac-aion-hyptec-ht-elite-2026-preto-10000km-24648
byd,yuan pro,2026,182990.0,BEV,CCS2,https://carregados.com.br/carros/byd-yuan-pro-2026-preto-0km-24597
byd,dolphin,2024,184890.0,BEV,CCS2,https://carregados.com.br/carros/byd-dolphin-plus-2024-preto-25000km-24556
volvo,xc60,2022,217900.0,PHEV,Type 2,https://carregados.com.br/carros/volvo-xc60-r-design-2022-cinza-110000km-24563
byd,seal,2027,299900.0,BEV,CCS2,https://carregados.com.br/carros/byd-seal-2027-branco-0km-24566
renault,megane e-tech electric,2026,289990.0,BEV,CCS2,https://carregados.com.br/carros/renault-megane-e-tech-electric-equilibre-2026-cinza-0km-24507
leapmotor,b10,2026,192990.0,BEV,CCS2,https://carregados.com.br/carros/leapmotor-b10-2026-outra-0km-24526
byd,dolphin,2026,149990.0,BEV,CCS2,https://carregados.com.br/carros/byd-dolphin-2026-cinza-0km-24530
geely,ex2,2026,146900.0,BEV,CCS2,https://carregados.com.br/carros/geely-ex2-2026-verde-0km-24483
geely,ex2,2026,133900.0,BEV,CCS2,https://carregados.com.br/carros/geely-ex2-2026-branco-0km-24482
geely,ex5,2026,215900.0,BEV,CCS2,https://carregados.com.br/carros/geely-ex5-gt-2026-branco-0km-24484
geely,ex5,2026,235900.0,BEV,CCS2,https://carregados.com.br/carros/geely-ex5-gt-2026-cinza-0km-24485
leapmotor,c10,2026,214990.0,BEV,CCS2,https://carregados.com.br/carros/leapmotor-c10-bev-2026-cinza-0km-24487
gwm,ora 03,2024,149900.0,BEV,CCS2,https://carregados.com.br/carros/gwm-ora-03-gt-2024-preto-16200km-24502
audi,e-tron,2025,690000.0,BEV,CCS2,https://carregados.com.br/carros/audi-e-tron-performa-black-aut-eletrico-2025-cinza-0km-20626
audi,e-tron,2025,669990.0,BEV,CCS2,https://carregados.com.br/carros/audi-e-tron-performa-black-aut-eletrico-2025-preto-0km-20627
audi,e-tron,2025,569990.0,BEV,CCS2,https://carregados.com.br/carros/audi-e-tron-performa-black-aut-eletrico-2025-cinza-0km-20630
audi,e-tron,2025,690000.0,BEV,CCS2,https://carregados.com.br/carros/audi-e-tron-performa-black-aut-eletrico-2025-azul-0km-20632
audi,e-tron,2025,690000.0,BEV,CCS2,https://carregados.com.br/carros/audi-e-tron-performa-black-aut-eletrico-2025-cinza-0km-20636
audi,e-tron,2025,569990.0,BEV,CCS2,https://carregados.com.br/carros/audi-e-tron-performa-black-aut-eletrico-2025-azul-0km-20635
audi,e-tron,2025,569900.0,BEV,CCS2,https://carregados.com.br/carros/audi-e-tron-performa-black-aut-eletrico-2025-cinza-0km-20637
byd,dolphin mini,2026,122900.0,BEV,CCS2,https://carregados.com.br/carros/byd-dolphin-mini-eletrico-2026-azul-0km-20528
volvo,ex30,2024,259000.0,BEV,CCS2,https://carregados.com.br/carros/volvo-ex30-e60-ultra-eletrico-2024-azul-14000km-20502
byd,dolphin mini,2026,119990.0,BEV,CCS2,https://carregados.com.br/carros/byd-dolphin-mini-eletrico-2026-verde-0km-20412
chevrolet,blazer ev,2024,352233.0,BEV,CCS2,https://carregados.com.br/carros/chevrolet-blazer-ev-rs-347cv-eletrico-2024-prata-0km-19215
byd,dolphin mini,2026,119990.0,BEV,CCS2,https://carregados.com.br/carros/byd-dolphin-mini-eletrico-2026-branco-0km-18403
bmw,ix1,2024,309900.0,BEV,CCS2,https://carregados.com.br/carros/bmw-ix1-x1-m-sport-100-eletrica-2024-cinza-36000km-16931
